Seq,Type,depth,ph,conductivity,carbon,nitrogen,phosphorus,potassium,WHC,porosity,class
1,Bixa,1,9.8,471,0.6,44,11,205,32.5,32,Nolowfertile
2,Bixa,1,9.55,475,0.57,42,12,200,31.4,34,Nolowfertile
3,Bixa,1,9.75,485,0.5,43,11.2,195,33.3,33,Nolowfertile
4,Bixa,2,10.3,530,0.09,26,12,155,30.5,32,Nolowfertile
5,Bixa,2,10.33,526,0.11,24,12.5,160,32.7,33,Nolowfertile
6,Bixa,2,10.2,540,0.08,28,13.5,165,27.6,30,Nolowfertile
7,Bixa,1,8.7,160,0.61,56,17,200,49.5,42,Nolowfertile
8,Bixa,1,8.9,145,0.6,54,15,195,52,47,Nolowfertile
9,Bixa,1,9.1,151,0.64,53,16,196,50.6,46,Nolowfertile
10,Bixa,2,9.7,210,0.12,33,19.5,153,42.5,40,Nolowfertile
11,Bixa,2,9.66,211,0.19,30,20,160,45.7,39,Nolowfertile
12,Bixa,2,9.5,200,0.15,31,20.5,158,45.3,41,Nolowfertile
13,Bixa,1,8.6,120,0.77,62,21,185,43.3,39,Nolowfertile
14,Bixa,1,8.6,115,0.66,58,20,190,42.7,37,Nolowfertile
15,Bixa,1,8.65,110,0.78,63,19,195,40.5,37,Nolowfertile
16,Bixa,2,8.9,140,0.23,40,26,145,36.7,37,Nolowfertile
17,Bixa,2,8.8,135,0.21,42,25,140,36.3,35,Nolowfertile
18,Bixa,2,8.8,145,0.23,37,27,138,39.2,38,Nolowfertile
19,Sodic,1,9.85,480,0.25,32.4,12.23,250,40.53,37.59,Nolowfertile
20,Sodic,1,9.8,475,0.26,37.6,11.46,252,41.2,37.57,Nolowfertile
21,Sodic,1,9.78,490,0.24,36.73,11.77,260,40.52,36.7,Nolowfertile
22,Sodic,1,9.79,507,0.25,40.17,11.06,262,41.15,36.88,Nolowfertile
23,Sodic,2,10.28,725,0.12,22.58,9.82,195,42.15,34.18,Nolowfertile
24,Sodic,2,10.37,720,0.14,25.33,10.27,202,43.2,33.63,Nolowfertile
25,Sodic,2,10.23,735,0.12,23.37,10.64,203,42.55,33.9,Nolowfertile
26,Sodic,2,10.33,748,0.11,25.77,10.31,200,42.88,33.73,Nolowfertile
27,grassland,1,8.4,355,0.78,87.45,43.9,443.5,41.34,40.55,Nolowfertile
28,grassland,1,8.25,365,0.75,85.5,42.56,447.5,42.2,40.4,Nolowfertile
29,grassland,1,8.45,380,0.76,83.1,40.64,445,41.54,40.4,Nolowfertile
30,grassland,1,8.38,360,0.8,99.5,42.58,456,42.02,40.4,Nolowfertile
31,grassland,2,8.9,480,0.39,43.95,35.21,305,41.75,37.4,Nolowfertile
32,grassland,2,8.83,485,0.36,49.2,34.56,308,42.7,36.85,Nolowfertile
33,grassland,2,8.93,495,0.42,42,33.41,310,42.04,37.65,Nolowfertile
34,grassland,2,8.9,500,0.43,64.22,33.2,313,42.45,37.58,Nolowfertile
35,Agriculture,1,8.45,315,0.43,38.25,31.85,449,41.75,40.98,Nolowfertile
36,Agriculture,1,8.4,317,0.45,42.27,30.99,440,42.7,40.47,Nolowfertile
37,Agriculture,1,8.43,318,0.47,43.53,30.86,444,42.04,40.57,Nolowfertile
38,Agriculture,1,8.48,322,0.5,40.33,30.47,447,42.45,40.85,Nolowfertile
39,Agriculture,2,9,400,0.17,25.77,27.03,320,41.61,37.89,Nolowfertile
40,Agriculture,2,8.92,385,0.2,28.47,25.45,321,42.53,37.65,Nolowfertile
41,Agriculture,2,8.77,365,0.19,29.2,26.27,318,41.87,37.83,Nolowfertile
42,Agriculture,2,8.88,390,0.24,26.83,25.4,325,42.3,38.12,Nolowfertile
43,Horticulture,1,8.1,270,0.61,67.73,40,460,41.7,44.4,Nolowfertile
44,Horticulture,1,8.23,312,0.66,71.07,40.08,457,42.64,44.4,Nolowfertile
45,Horticulture,1,8.28,278,0.6,67.2,39.4,468,41.99,43.8,Nolowfertile
46,Horticulture,1,8.18,300,0.63,70.25,39.72,471,42.4,44.27,Nolowfertile
47,Horticulture,2,8.58,420,0.34,48.53,33.52,370,41.69,41.2,Nolowfertile
48,Horticulture,2,8.82,430,0.38,47.87,35.07,358,42.63,41.23,Nolowfertile
49,Horticulture,2,8.77,408,0.33,47.13,34.59,364,41.97,41.27,Nolowfertile
50,Horticulture,2,8.78,410,0.39,49.55,33.84,372,42.38,41.27,Nolowfertile
51,Bambooculture,1,7,170,1.02,94.8,27,385,43.56,47.8,Nolowfertile
52,Bambooculture,1,7.1,220,0.95,101,26.3,400,42.85,47.4,Nolowfertile
53,Bambooculture,1,7.18,230,1.08,107,27.14,381,42.4,47,Nolowfertile
54,Bambooculture,1,7.13,200,1.1,105,26.5,390,43,47.6,Nolowfertile
55,Bambooculture,2,7.7,250,0.71,51.8,23,350,45.6,45.2,Nolowfertile
56,Bambooculture,2,7.6,270,0.75,56,22.2,340,46.2,44.8,Nolowfertile
57,Bambooculture,2,7.4,280,0.69,54.6,22,324,45.2,45.3,Nolowfertile
58,Bambooculture,2,7.5,260,0.78,55.7,22.5,330,45.8,45,Nolowfertile
59,Silviculture,1,8.15,370,0.69,58.36,25.2,422,43.62,45.33,Nolowfertile
60,Silviculture,1,8.2,363,0.7,56.67,26.69,424,43.89,46.31,Nolowfertile
61,Silviculture,1,8.12,372,0.67,59.6,25.09,416,43.19,45.44,Nolowfertile
62,Silviculture,1,8.14,375,0.68,55.11,24.98,430,43.73,45.43,Nolowfertile
63,Silviculture,2,8.76,610,0.29,36.87,20.89,322,44.26,42.47,Nolowfertile
64,Silviculture,2,8.7,605,0.26,37.22,19.83,325,44.31,42.48,Nolowfertile
65,Silviculture,2,8.74,618,0.28,35.24,18.07,339,43.6,42.77,Nolowfertile
66,Silviculture,2,9.01,627,0.25,34.49,18.28,330,44.18,42.41,Nolowfertile
67,S N Mix Forest,1,8.08,325,0.98,77.67,34.09,424,43.4,47.91,Nolowfertile
68,S N Mix Forest,1,8.02,328,0.92,77.25,34.08,419,43.75,47.65,Nolowfertile
69,S N Mix Forest,1,8.1,317,0.97,76.93,34.35,415,43.06,47.32,Nolowfertile
70,S N Mix Forest,1,8.05,330,0.96,76.43,35.07,422,43.58,47.57,Nolowfertile
71,S N Mix Forest,2,8.65,470,0.32,53.76,24.25,300,43.69,44.51,Nolowfertile
72,S N Mix Forest,2,8.63,475,0.29,53.34,23.82,295,43.94,44.56,Nolowfertile
73,S N Mix Forest,2,8.6,455,0.31,52.88,23.81,306,43.23,44.6,Nolowfertile
74,S N Mix Forest,2,8.58,460,0.3,53.94,24.09,303,43.78,44.5,Nolowfertile
75, Eucalyptus ,1,8.57,340,0.66,45.2,19.8,300,45.6,42,Nolowfertile
76, Eucalyptus ,1,8.6,345,0.6,51.2,19.32,300,44.7,43,Nolowfertile
77, Eucalyptus ,1,8.64,335,0.57,52,16.96,250,46.2,44,Nolowfertile
78, Eucalyptus ,2,9.45,630,0.2,34,16.48,200,40.5,41,Nolowfertile
79, Eucalyptus ,2,9.55,635,0.22,35.4,16.32,250,42.3,39,Nolowfertile
80, Eucalyptus ,2,9.58,625,0.21,28.6,18.4,200,39.6,40,Nolowfertile
81, Eucalyptus ,3,9.83,860,0.08,22.4,15,200,36.3,36,Nolowfertile
82, Eucalyptus ,3,10.2,860,0.1,26.8,16.36,200,37.5,37,Nolowfertile
83, Eucalyptus ,3,10.1,870,0.12,29.54,14.2,150,35.4,38,Nolowfertile
84, Eucalyptus ,4,10.25,913,0.074,16.8,12.4,200,32.6,35,Nolowfertile
85, Eucalyptus ,4,10.35,920,0.065,18.6,9.52,200,31.5,33,Nolowfertile
86, Eucalyptus ,4,10.45,917,0.051,20.48,10.46,150,33.7,34,Nolowfertile
87,ProsopisJ ,1,7.1,210,0.85,80.8,25.12,350,51.6,47,Nolowfertile
88,ProsopisJ ,1,7.2,205,0.64,76,23.2,380,52.5,45,Nolowfertile
89,ProsopisJ ,1,7.25,200,0.82,72.8,23.2,400,54,49,Nolowfertile
90,ProsopisJ ,2,7.7,200,0.5,54.8,16.2,300,48.3,44,Nolowfertile
91,ProsopisJ ,2,7.6,195,0.4,56,16,255,47.5,45,Nolowfertile
92,ProsopisJ ,2,7.51,205,0.41,49.2,15.52,275,49.7,43,Nolowfertile
93,ProsopisJ ,3,7.95,230,0.26,45.8,14.4,250,45.5,42,Nolowfertile
94,ProsopisJ ,3,7.8,235,0.3,42.42,10.24,200,44.3,40,Nolowfertile
95,ProsopisJ ,3,7.85,230,0.22,39.28,9.42,200,43.7,38,Nolowfertile
96,ProsopisJ ,4,8.2,280,0.12,33.6,9.6,200,40.2,39,Nolowfertile
97,ProsopisJ ,4,8.6,280,0.11,33.46,10.28,150,39.7,40,Nolowfertile
98,ProsopisJ ,4,8.45,285,0.1,34.54,8.44,150,38.3,37,Nolowfertile
99,Prosopis,1,8.25,265,0.57,46,19.84,225,45.6,44,Nolowfertile
100,Prosopis,1,8.47,280,0.8,47.2,22.8,325,43.8,45,Nolowfertile
101,Prosopis,1,8.37,275,0.72,42.8,20.4,250,46.5,43,Nolowfertile
102,Prosopis,2,9.56,580,0.24,33.6,14.4,100,42.5,44,Nolowfertile
103,Prosopis,2,9.67,590,0.28,28,15.56,150,41.3,42,Nolowfertile
104,Prosopis,2,9.7,570,0.29,26.8,15.6,150,39.2,41,Nolowfertile
105,Prosopis,3,10.1,945,0.15,23.6,11,100,36.7,40,Nolowfertile
106,Prosopis,3,10.4,955,0.16,20.84,14.7,150,35.3,38,Nolowfertile
107,Prosopis,3,10.3,940,0.077,22.42,10.8,150,34.5,37,Nolowfertile
108,Prosopis,4,10.5,1095,0.16,19.2,10.4,200,32.4,38,Nolowfertile
109,Prosopis,4,10.7,1000,0.115,16.48,12.28,150,31.7,37,Nolowfertile
110,Prosopis,4,10.9,1085,0.114,15.64,7.8,150,33.8,35,Nolowfertile
111,Auriculiformis,1,7.1,155,0.825,67.2,17.2,250,53.3,45,Nolowfertile
112,Auriculiformis,1,7.06,170,0.915,66,15.3,230,54.2,44,Nolowfertile
113,Auriculiformis,1,7.15,165,0.9,72.8,19.1,220,51.8,46,Nolowfertile
114,Auriculiformis,2,7.87,160,0.3,52.4,17.6,200,47.4,42,Nolowfertile
115,Auriculiformis,2,8.1,155,0.32,48.6,13.9,150,46.2,43,Nolowfertile
116,Auriculiformis,2,8.2,170,0.38,46.6,16.2,150,45,41,Nolowfertile
117,Auriculiformis,3,8.26,185,0.175,33.6,15.84,150,43.2,38,Nolowfertile
118,Auriculiformis,3,8.5,205,0.125,28,16.6,100,44.4,37,Nolowfertile
119,Auriculiformis,3,8.6,200,0.22,24.45,18.4,150,42,39,Nolowfertile
120,Auriculiformis,4,8.66,265,0.108,22.6,18.4,150,37.8,35,Nolowfertile
121,Auriculiformis,4,8.9,280,0.065,18.64,18.7,100,39.4,37,Nolowfertile
122,Auriculiformis,4,9,260,0.16,20.24,20.22,150,38.6,36,Nolowfertile
123,Equisitifolia ,1,8.32,245,0.69,56,24.64,200,49.7,45,Nolowfertile
124,Equisitifolia ,1,8.1,255,0.81,54.8,21.3,250,51.3,47,Nolowfertile
125,Equisitifolia ,1,8.4,240,0.67,58.4,22,200,48.7,43,Nolowfertile
126,Equisitifolia ,2,9.3,360,0.332,41.2,20,250,45.3,41,Nolowfertile
127,Equisitifolia ,2,8.9,355,0.218,42.2,18.2,200,46.7,42,Nolowfertile
128,Equisitifolia ,2,9.2,365,0.18,45.4,19.2,150,44.5,43,Nolowfertile
129,Equisitifolia ,3,9.55,700,0.19,28.4,19.84,200,41.6,40,Nolowfertile
130,Equisitifolia ,3,9.26,680,0.186,29.45,14.56,200,42.4,38,Nolowfertile
131,Equisitifolia ,3,9.5,685,0.12,33.15,16.45,150,40.8,39,Nolowfertile
132,Equisitifolia ,4,9.75,865,0.09,16,12,200,38.4,36,Nolowfertile
133,Equisitifolia ,4,9.55,860,0.085,21.57,11.78,150,37,35,Nolowfertile
134,Equisitifolia ,4,9.7,855,0.07,24.26,13.84,150,36.5,34,Nolowfertile
135,Arjuna ,1,8.6,335,0.65,50.4,32,300,44.6,42,Nolowfertile
136,Arjuna ,1,8.8,350,0.57,56,33.52,275,45.3,44,Nolowfertile
137,Arjuna ,1,8.95,355,0.6,62,33.76,250,46,43,Nolowfertile
138,Arjuna ,2,9.1,595,0.18,29.2,31.54,300,42.3,38,Nolowfertile
139,Arjuna ,2,9.4,585,0.142,22.4,28.24,250,41.5,40,Nolowfertile
140,Arjuna ,2,9.3,590,0.11,27,29.6,250,40.1,41,Nolowfertile
141,Arjuna ,3,9.3,745,0.144,17,22.88,300,33.7,38,Nolowfertile
142,Arjuna ,3,9.6,770,0.11,18.84,25.76,225,35,37,Nolowfertile
143,Arjuna ,3,9.5,755,0.088,22.4,25.12,225,34.5,39,Nolowfertile
144,Arjuna ,4,9.6,860,0.098,14.8,13.2,250,31.6,35,Nolowfertile
145,Arjuna ,4,9.65,850,0.086,16.28,15.84,200,30.5,34,Nolowfertile
146,Arjuna ,4,9.75,850,0.064,12.36,20.8,150,29.4,33,Nolowfertile
147,pinnata,1,8.55,300,0.66,55,29.76,300,43.7,44,Nolowfertile
148,pinnata,1,8.7,310,0.65,45,26.72,250,44.8,42,Nolowfertile
149,pinnata,1,8.45,300,0.64,51,27.52,250,45,43,Nolowfertile
150,pinnata,2,9.35,520,0.268,35,27.3,250,41.3,41,Nolowfertile
151,pinnata,2,9.5,515,0.245,22.5,22.72,150,40.7,40,Nolowfertile
152,pinnata,2,9.55,510,0.296,27,23.52,200,42.5,42,Nolowfertile
153,pinnata,3,10.23,745,0.124,23.6,22.46,225,35.7,39,Nolowfertile
154,pinnata,3,10.4,745,0.176,24.42,22.72,175,37,37,Nolowfertile
155,pinnata,3,10.5,740,0.142,20.86,21.76,150,36.2,35,Nolowfertile
156,pinnata,4,10.9,950,0.1,17,20.64,200,31.2,35,Nolowfertile
157,pinnata,4,11.1,945,0.086,15.72,20.82,150,30.7,33,Nolowfertile
158,pinnata,4,11,945,0.056,13.56,20.32,150,32.6,32,Nolowfertile
159,procera,1,8.65,500,0.52,43.6,20.48,500,47.2,45,Nolowfertile
160,procera,1,9,515,0.67,44.8,20.16,575,46.1,46,Nolowfertile
161,procera,1,9,510,0.72,51.6,19.36,550,48,45,Nolowfertile
162,procera,2,9.65,870,0.26,26.4,14.32,425,42.5,43,Nolowfertile
163,procera,2,9.67,880,0.288,29.2,12.4,450,44.7,44,Nolowfertile
164,procera,2,9.85,890,0.215,22.8,14.88,500,43.3,45,Nolowfertile
165,procera,3,9.72,1000,0.168,18.8,10.4,450,36.4,41,Nolowfertile
166,procera,3,9.9,1005,0.11,20.48,8.24,400,35.7,40,Nolowfertile
167,procera,3,9.95,1010,0.198,14.46,10.46,425,37.1,39,Nolowfertile
168,procera,4,9.95,1245,0.056,8.6,7.52,450,35.3,38,Nolowfertile
169,procera,4,10.1,1225,0.054,11.64,6.48,375,34.8,36,Nolowfertile
170,procera,4,10.05,1220,0.066,9.24,8.72,350,33,35,Nolowfertile
171,Acacia,1,8.96,515,0.542,54.6,19.28,600,44.3,42,Nolowfertile
172,Acacia,1,8.8,505,0.75,51.2,19,625,45.6,40,Nolowfertile
173,Acacia,1,8.85,510,0.55,58.4,21.84,650,47.2,43,Nolowfertile
174,Acacia,2,9.88,1000,0.236,22.4,13,375,41.2,40,Nolowfertile
175,Acacia,2,9.85,1015,0.256,22.4,16.32,425,40.5,38,Nolowfertile
176,Acacia,2,9.62,1005,0.232,39.2,13.8,450,39.8,37,Nolowfertile
177,Acacia,3,10.11,1160,0.196,16.8,15.2,375,34.5,38,Nolowfertile
178,Acacia,3,10.15,1165,0.205,18.4,12.5,300,35.7,35,Nolowfertile
179,Acacia,3,10.1,1150,0.115,26.52,10.11,400,33,35,Nolowfertile
180,Acacia,4,10.25,1205,0.16,16.8,9.64,300,30.2,35,Nolowfertile
181,Acacia,4,10.3,1200,0.086,11.46,7.42,300,29.4,33,Nolowfertile
182,Acacia,4,10.25,1285,0.078,15.2,8.46,350,31.6,30,Nolowfertile
183,Dulce,1,8.95,555,0.66,57.8,15.36,725,46.2,46,Nolowfertile
184,Dulce,1,8.64,550,0.72,61.8,17.76,650,45,45,Nolowfertile
185,Dulce,1,8.9,555,0.84,56.4,20.8,625,44.4,44,Nolowfertile
186,Dulce,2,9.73,1000,0.218,28,14.4,500,41.3,41,Nolowfertile
187,Dulce,2,9.78,985,0.336,32.6,12.6,425,43.7,43,Nolowfertile
188,Dulce,2,9.73,995,0.324,34.6,11.46,450,42.5,42,Nolowfertile
189,Dulce,3,9.91,1170,0.196,16.8,8,375,35.1,37,Nolowfertile
190,Dulce,3,10.18,1175,0.215,17.84,6.56,300,37.3,36,Nolowfertile
191,Dulce,3,9.9,1160,0.198,18.64,8.96,400,36.8,38,Nolowfertile
192,Dulce,4,10.1,1245,0.076,11.2,5.78,375,32.6,35,Nolowfertile
193,Dulce,4,10.28,1250,0.088,12.46,5.42,275,28.7,33,Nolowfertile
194,Dulce,4,10.2,1235,0.116,14.2,5.68,350,31.4,34,Nolowfertile
195,Acaciaarabica,1,9.37,620,0.572,50.4,24.8,530,47.3,44,Nolowfertile
196,Acaciaarabica,1,9.23,625,0.39,46,20.16,500,46.6,42,Nolowfertile
197,Acaciaarabica,1,9.15,615,0.456,43.6,20.4,510,45,40,Nolowfertile
198,Acaciaarabica,2,10,985,0.212,22.4,19.2,500,42.7,42,Nolowfertile
199,Acaciaarabica,2,10.1,970,0.228,20.8,18.1,450,40.3,40,Nolowfertile
200,Acaciaarabica,2,9.8,965,0.218,26.8,16.64,425,41.5,39,Nolowfertile
201,Acaciaarabica,3,10.36,1100,0.18,15.38,16.8,450,36.3,38,Nolowfertile
202,Acaciaarabica,3,10.3,1105,0.196,16.6,14.68,400,35,37,Nolowfertile
203,Acaciaarabica,3,10.05,1090,0.112,13.32,16.64,350,34.3,35,Nolowfertile
204,Acaciaarabica,4,10.5,1235,0.094,11.54,14.8,400,31.5,35,Nolowfertile
205,Acaciaarabica,4,10.4,1230,0.065,9.24,10.56,340,30.3,36,Nolowfertile
206,Acaciaarabica,4,10.24,1225,0.084,10.28,11.62,380,32.1,34,Nolowfertile
207,AcaciaAW,1,8.45,370,0.61,47.2,13.76,200,46.2,44,Nolowfertile
208,AcaciaAW,1,8.35,355,0.63,41.6,15.36,225,45.7,45,Nolowfertile
209,AcaciaAW,1,8.3,360,0.72,47.2,13.92,275,44,42,Nolowfertile
210,AcaciaAW,2,9.4,570,0.28,26.8,18.2,150,42.3,42,Nolowfertile
211,AcaciaAW,2,9.25,565,0.256,21.8,18.08,175,41.6,40,Nolowfertile
212,AcaciaAW,2,9.45,560,0.276,29.8,17.72,200,40,39,Nolowfertile
213,AcaciaAW,3,10,835,0.192,16.8,14.2,100,35.4,38,Nolowfertile
214,AcaciaAW,3,9.8,820,0.168,17.56,15.12,100,36.2,36,Nolowfertile
215,AcaciaAW,3,9.7,825,0.184,22.42,17.54,150,34.3,39,Nolowfertile
216,AcaciaAW,4,10.11,980,0.148,11.2,13.72,150,31.3,35,Nolowfertile
217,AcaciaAW,4,10.1,990,0.086,8.86,13.24,100,29.6,34,Nolowfertile
218,AcaciaAW,4,9.95,1000,0.088,8.26,15.36,100,30,37,Nolowfertile
219,AcaciaFAO,1,7.8,270,0.72,50.4,23.6,525,46.7,43,Nolowfertile
220,AcaciaFAO,1,8.2,285,0.81,44.8,24.12,510,48.2,42,Nolowfertile
221,AcaciaFAO,1,8,270,0.88,50.4,25.76,505,47,40,Nolowfertile
222,AcaciaFAO,2,8.95,410,0.35,28.6,24.5,460,42.3,41,Nolowfertile
223,AcaciaFAO,2,9.05,420,0.36,22.4,20.64,450,44.2,39,Nolowfertile
224,AcaciaFAO,2,9.1,415,0.34,21.8,21.84,425,43.1,38,Nolowfertile
225,AcaciaFAO,3,9.9,640,0.18,16.8,20.24,375,38.3,37,Nolowfertile
226,AcaciaFAO,3,10.2,645,0.21,16.68,18.56,375,37.6,39,Nolowfertile
227,AcaciaFAO,3,10,645,0.16,14.24,18.46,350,36,36,Nolowfertile
228,AcaciaFAO,4,10.7,800,0.086,11.2,12.64,375,32.5,35,Nolowfertile
229,AcaciaFAO,4,10.9,815,0.084,12.45,14.24,300,31.4,33,Nolowfertile
230,AcaciaFAO,4,11,805,0.09,11.52,15.64,300,30,35,Nolowfertile
231,K Ghat Teak Forest,1,6,130,2.19,106.4,77.4,3000,72.8,47.9,Nolowfertile
232,K Ghat Teak Forest,1,6.1,140,2.24,110.5,80.56,2700,64.25,43.94,Nolowfertile
233,K Ghat Teak Forest,1,5.9,135,2.35,106.2,82.42,2562,63.24,43.79,Nolowfertile
234,K Ghat Teak Forest,2,5.85,120,1.42,72.8,57.4,2800,54.72,47.43,Nolowfertile
235,K Ghat Teak Forest,2,5.9,125,1.35,75.6,54.28,2700,56.9,47.36,Nolowfertile
236,K Ghat Teak Forest,2,5.8,130,1.38,78.4,56.45,2450,55.2,42.24,Nolowfertile
237,K Ghat Teak Forest,3,5.78,100,1.25,72.8,48.64,2000,63.09,51.02,Nolowfertile
238,K Ghat Teak Forest,3,5.8,90,1.3,70.6,52.24,1800,60.76,57.3,Nolowfertile
239,K Ghat Teak Forest,3,5.85,110,1.36,68.4,54.46,1840,64.1,54.58,Nolowfertile
240,K Ghat Teak Forest,4,5.75,90,0.825,50.4,44.48,1900,59.24,54.4,Nolowfertile
241,K Ghat Teak Forest,4,5.7,95,0.86,48.5,46,1700,44.08,57.72,Nolowfertile
242,K Ghat Teak Forest,4,5.72,85,0.82,54.7,47.8,1650,42.8,54.5,Nolowfertile
243,K Ghat Mix forest,1,7.56,265,1.425,84,49.6,1200,56,53.75,Nolowfertile
244,K Ghat Mix forest,1,7.6,270,1.46,87.2,54.28,900,63.65,50,Nolowfertile
245,K Ghat Mix forest,1,7.64,275,1.4,82.6,52.6,1050,53.6,55.76,Nolowfertile
246,K Ghat Mix forest,2,8.05,240,0.975,61.6,49.16,800,58.03,47.95,Nolowfertile
247,K Ghat Mix forest,2,8,250,1.1,64.1,52.3,700,54.65,48.8,Nolowfertile
248,K Ghat Mix forest,2,8,245,1,59.8,50.2,681,60.65,52.45,Nolowfertile
249,K Ghat Mix forest,3,8.1,210,0.72,50.4,40.8,700,44.23,43.42,Nolowfertile
250,K Ghat Mix forest,3,8.2,220,0.8,52.6,42.18,600,49.86,36.25,Nolowfertile
251,K Ghat Mix forest,3,8.1,200,0.76,48.2,43.48,629,39.95,48.22,Nolowfertile
252,K Ghat Mix forest,4,8.2,185,0.525,44.8,40.6,400,44.23,49.4,Nolowfertile
253,K Ghat Mix forest,4,8.3,190,0.6,46,38.7,360,58.42,36.44,Nolowfertile
254,K Ghat Mix forest,4,8.25,180,0.55,42.8,36.72,380,56.39,53.33,Nolowfertile
255,Jatropha curcas ,1,8,110,0.48,78.4,40.8,160,54.65,56.21,Nolowfertile
256,Jatropha curcas ,1,8.05,115,0.5,81.4,37.5,180,54.13,42.97,Nolowfertile
257,Jatropha curcas ,1,8.1,120,0.45,75.4,42.16,194,58.73,42.08,Nolowfertile
258,Jatropha curcas ,2,8.15,105,0.465,44.8,41.6,140,53.09,40.81,Nolowfertile
259,Jatropha curcas ,2,8.2,110,0.45,46.5,38.9,125,51.28,47.63,Nolowfertile
260,Jatropha curcas ,2,8.2,100,0.42,43.2,44.5,110,35,43.27,Nolowfertile
261,Jatropha curcas ,3,8.35,90,0.12,43.8,41.28,120,53.59,48.46,Nolowfertile
262,Jatropha curcas ,3,8.4,85,0.16,42.3,43.6,100,48.4,47.7,Nolowfertile
263,Jatropha curcas ,3,8.3,95,0.2,37.8,45.2,89,43,43.1,Nolowfertile
264,Jatropha curcas ,4,8.35,75,0.165,39.2,44.48,80,54.09,42.21,Nolowfertile
265,Jatropha curcas ,4,8.4,80,0.2,36.6,46.35,90,40.89,50.2,Nolowfertile
266,Jatropha curcas ,4,8.45,85,0.18,34.7,47.5,76,36,45.56,Nolowfertile
267,K Ghat Grass land,1,5.95,130,1.08,95.2,48,1600,67.8,42.9,Nolowfertile
268,K Ghat Grass land,1,6,140,1.12,98.2,50.16,1500,60.25,39.94,Nolowfertile
269,K Ghat Grass land,1,5.9,135,1.16,102.4,53.44,1430,60.24,40.79,Nolowfertile
270,K Ghat Grass land,2,6.27,140,0.585,56,41.28,1600,52.72,45.43,Nolowfertile
271,K Ghat Grass land,2,6.3,150,0.62,61,39.58,1400,51.9,42.36,Nolowfertile
272,K Ghat Grass land,2,6.35,145,0.65,58.2,43.45,1350,51.2,38.24,Nolowfertile
273,K Ghat Grass land,3,6.75,185,0.51,50.4,44.48,1200,60.09,48.02,Nolowfertile
274,K Ghat Grass land,3,6.8,190,0.54,48.4,41.65,1000,59.76,56.3,Nolowfertile
275,K Ghat Grass land,3,6.85,195,0.56,45.1,40.86,890,59.1,49.58,Nolowfertile
276,K Ghat Grass land,4,8.2,280,0.48,50.4,45.44,800,55.24,50.4,Nolowfertile
277,K Ghat Grass land,4,8.1,290,0.5,48.6,42.36,680,41.08,54.72,Nolowfertile
278,K Ghat Grass land,4,8.3,300,0.55,52.5,40.12,740,40.8,52.5,Nolowfertile
279,K Ghat Sal Forest,1,6.25,185,0.9,56,36.48,800,55,52.75,Nolowfertile
280,K Ghat Sal Forest,1,6.3,190,0.98,58.6,39.35,700,58.65,45,Nolowfertile
281,K Ghat Sal Forest,1,6.2,180,0.92,60.2,42.65,621,49.6,51.76,Nolowfertile
282,K Ghat Sal Forest,2,5.65,55,0.765,50.4,48.32,400,55.03,44.95,Nolowfertile
283,K Ghat Sal Forest,2,5.7,65,0.8,46.5,49.67,430,52.65,46.8,Nolowfertile
284,K Ghat Sal Forest,2,5.6,60,0.76,49.4,52.42,349,59.65,51.45,Nolowfertile
285,K Ghat Sal Forest,3,5.72,50,0.585,39.2,30.88,400,39.23,38.42,Nolowfertile
286,K Ghat Sal Forest,3,5.75,55,0.65,41.8,34.68,320,45.86,32.25,Nolowfertile
287,K Ghat Sal Forest,3,5.8,45,0.62,37.2,33.24,300,36.95,45.22,Nolowfertile
288,K Ghat Sal Forest,4,5.7,45,0.225,39.2,41.6,400,42.23,47.4,Nolowfertile
289,K Ghat Sal Forest,4,5.8,50,0.26,38.6,43.56,300,57.42,35.44,Nolowfertile
290,K Ghat Sal Forest,4,5.85,40,0.28,34.2,39.85,281,51.39,48.33,Nolowfertile
291,S-1,1,7.6,210,0.75,41.4,29.6,525,54,47,Nolowfertile
292,S-1,1,7.65,205,0.78,40.66,27.52,450,51.2,49.4,Nolowfertile
293,S-1,1,7.7,210,0.675,42.75,28.48,475,50.54,50,Nolowfertile
294,S-1,1,7.75,220,0.685,38,25.72,500,51.02,54,Nolowfertile
295,S-1,2,8.25,295,0.295,18.12,19.04,275,50.75,52,Nolowfertile
296,S-1,2,8.35,310,0.28,15.33,17.92,225,51.7,45.85,Nolowfertile
297,S-1,2,8.2,285,0.18,29,18.36,250,51.04,46.65,Nolowfertile
298,S-1,2,8.3,300,0.22,21.15,19.2,250,51.45,46.58,Nolowfertile
299,S-1,3,8.7,340,0.1755,11.15,17.28,250,50.75,49.98,Nolowfertile
300,S-1,3,8.8,360,0.2,8.36,18.08,190,51.7,49.47,Nolowfertile
301,S-1,3,8.6,335,0.165,18.5,16,175,51.04,49.57,Nolowfertile
302,S-1,3,8.75,350,0.155,15,18.24,200,51.45,49.85,Nolowfertile
303,S-1,4,8.9,380,0.056,9.85,16.42,200,50.61,46.89,Nolowfertile
304,S-1,4,8.8,365,0.065,7.5,15.45,125,51.53,46.65,Nolowfertile
305,S-1,4,8.75,370,0.085,15.75,12.68,125,50.87,46.83,Nolowfertile
306,S-1,4,8.85,385,0.085,7.24,16.64,150,51.3,47.12,Nolowfertile
307,S-2,1,8,190,0.81,44.6,30.16,350,50.7,53.4,Nolowfertile
308,S-2,1,8.05,205,0.82,40.42,29.66,375,51.64,53.4,Nolowfertile
309,S-2,1,7.85,185,0.76,39,31.72,375,50.99,52.8,Nolowfertile
310,S-2,1,7.9,210,0.835,41.81,30.8,350,51.4,53.27,Nolowfertile
311,S-2,2,8.2,235,0.38,32.42,21.32,250,50.69,50.2,Nolowfertile
312,S-2,2,7.96,250,0.38,28.1,22.6,250,51.63,50.23,Nolowfertile
313,S-2,2,8.1,235,0.36,30,23.44,276,50.97,50.27,Nolowfertile
314,S-2,2,8.14,245,0.39,35,22.04,250,51.38,50.27,Nolowfertile
315,S-2,3,8.26,277,0.25,13.93,19.2,200,52.56,56.8,Nolowfertile
316,S-2,3,8.3,278,0.22,23.7,21.08,180,51.85,56.4,Nolowfertile
317,S-2,3,8.24,270,0.22,25.1,20.8,200,51.4,56,Nolowfertile
318,S-2,3,8.25,280,0.175,22.3,18.64,200,52,56.6,Nolowfertile
319,S-2,4,8.6,360,0.15,12.54,18,150,54.6,54.2,Nolowfertile
320,S-2,4,8,380,0.16,9.8,15.8,140,55.2,53.8,Nolowfertile
321,S-2,4,8.7,375,0.19,18.12,15.2,160,54.2,54.3,Nolowfertile
322,S-2,4,8.8,370,0.175,19.5,17.85,180,54.8,54,Nolowfertile
323,s-3,1,7.7,225,0.95,44.6,35.66,550,52.62,54.33,Nolowfertile
324,s-3,1,7.5,220,0.995,47.4,35.28,475,52.89,55.31,Nolowfertile
325,s-3,1,7.8,245,0.95,44.85,34.4,475,52.19,54.44,Nolowfertile
326,s-3,1,7.8,240,1.13,46.35,36.12,500,52.73,54.43,Nolowfertile
327,s-3,2,8.02,245,0.45,33,25.2,375,53.26,51.47,Nolowfertile
328,s-3,2,8.1,240,0.345,37.6,24.2,375,53.31,51.48,Nolowfertile
329,s-3,2,8.08,265,0.33,33.5,24.4,400,52.6,51.77,Nolowfertile
330,s-3,2,7.98,260,0.36,35.21,24.6,450,53.18,51.41,Nolowfertile
331,s-3,3,8.12,285,0.28,18.12,20.8,300,52.4,56.91,Nolowfertile
332,s-3,3,8.18,300,0.29,25,19.52,275,52.75,56.65,Nolowfertile
333,s-3,3,8.1,280,0.205,23.7,19.2,300,52.06,56.32,Nolowfertile
334,s-3,3,8.2,305,0.235,30.7,19.36,350,52.58,56.57,Nolowfertile
335,s-3,4,8.34,345,0.22,18.36,16,200,52.69,53.51,Nolowfertile
336,s-3,4,8.28,330,0.235,20.7,16,200,52.94,53.56,Nolowfertile
337,s-3,4,8.26,350,0.235,22.3,18.4,230,52.23,53.6,Nolowfertile
338,s-3,4,8.32,360,0.205,23.7,17.4,250,52.78,53.5,Nolowfertile
339,Plot 25-RS,1,8.76,260,0.565,19.51,16.48,300,54.6,51,Nolowfertile
340,Plot 25-RS,1,9.02,320,0.62,21.33,18.4,245,53.7,52,Nolowfertile
341,Plot 25-RS,1,9.34,270,0.6,19.3,25,220,55.2,53,Nolowfertile
342,Plot 25-RS,1,9.42,340,0.48,20.02,23,250,54.6,51,Nolowfertile
343,Plot 25-RS,2,9.66,750,0.24,12.75,14.12,245,49.5,50,Nolowfertile
344,Plot 25-RS,2,9.62,800,0.22,12.54,12.9,190,51.3,48,Nolowfertile
345,Plot 25-RS,2,10.11,510,0.24,14.55,13.28,190,48.6,49,Nolowfertile
346,Plot 25-RS,2,9.9,570,0.135,13.96,16.96,205,49.5,50,Nolowfertile
347,Plot 25-RS,3,10.05,680,0.165,9.96,12.4,220,45.3,45,Nolowfertile
348,Plot 25-RS,3,10.23,770,0.125,8.36,11.2,600,46.5,46,Nolowfertile
349,Plot 25-RS,3,10.24,620,0.135,9.18,12.32,520,44.4,47,Nolowfertile
350,Plot 25-RS,3,10.15,700,0.12,8.78,19.52,515,45.3,45,Nolowfertile
351,Plot 25-RS,4,10.2,700,0.12,8.57,12.88,550,41.6,44,Nolowfertile
352,Plot 25-RS,4,10.36,740,0.135,8.36,14.96,420,40.5,42,Nolowfertile
353,Plot 25-RS,4,10.45,650,0.105,7.18,11.68,415,42.7,43,Nolowfertile
354,Plot 25-RS,4,10.55,750,0.12,6.78,13.12,450,41.6,44,Nolowfertile
355,Uncultivated AU,1,9.6,300,0.39,17.8,18.56,495,60.6,56,Nolowfertile
356,Uncultivated AU,1,9.7,760,0.345,18.4,19.2,340,61.5,54,Nolowfertile
357,Uncultivated AU,1,9.5,520,0.3,17.1,16.96,325,63,58,Nolowfertile
358,Uncultivated AU,1,9.85,420,0.195,19.5,18.7,345,60.6,56,Nolowfertile
359,Uncultivated AU,2,10.25,640,0.135,12.86,13.28,390,57.3,53,Nolowfertile
360,Uncultivated AU,2,10.2,480,0.075,11.28,14.86,250,56.5,54,Nolowfertile
361,Uncultivated AU,2,10.3,550,0.135,12.1,12.8,245,58.7,52,Nolowfertile
362,Uncultivated AU,2,10.4,780,0.09,13.54,13.45,270,57.3,53,Nolowfertile
363,Uncultivated AU,3,10.45,990,0.09,9.85,12.8,300,54.5,51,Nolowfertile
364,Uncultivated AU,3,10.5,1620,0.08,8.74,15.46,170,53.3,49,Nolowfertile
365,Uncultivated AU,3,10.65,620,0.12,9.25,10.72,190,52.7,47,Nolowfertile
366,Uncultivated AU,3,10.6,700,0.08,7.45,12.68,400,54.5,51,Nolowfertile
367,Uncultivated AU,4,10.85,1090,0.08,6.45,8.6,420,49.2,48,Nolowfertile
368,Uncultivated AU,4,10.7,1700,0.03,6.2,10.25,415,48.7,49,Nolowfertile
369,Uncultivated AU,4,10.75,1720,0.1,5.78,8.8,400,47.3,46,Nolowfertile
370,Uncultivated AU,4,10.9,1290,0.08,5.6,11.48,295,49.2,48,Nolowfertile
371,BRC Leg-15,1,8,425,0.65,48.53,24.49,485,44,43,Nolowfertile
372,BRC Leg-15,1,8.36,430,0.66,45.33,21.11,465,41.67,44.67,Nolowfertile
373,BRC Leg-15,1,8.87,450,0.61,54.73,20.04,475,42,44,Nolowfertile
374,BRC Leg-15,1,9.25,420,0.67,46.67,22.93,500,43.67,43.89,Nolowfertile
375,BRC Leg-15,2,9.03,745,0.29,24.27,21.99,400,42.33,41,Nolowfertile
376,BRC Leg-15,2,9.64,725,0.27,29.47,14.92,375,38.33,41.33,Nolowfertile
377,BRC Leg-15,2,9.78,775,0.27,28,13.1,405,40.33,42,Nolowfertile
378,BRC Leg-15,2,9.97,750,0.26,23.33,17.97,380,40.33,41.44,Nolowfertile
379,BRC Leg-15,3,10.03,945,0.18,15.91,17.75,330,38.33,37,Nolowfertile
380,BRC Leg-15,3,10.27,965,0.13,22.29,12.27,320,36.67,37.67,Nolowfertile
381,BRC Leg-15,3,10.12,970,0.17,20.57,11.65,360,37.67,38.67,Nolowfertile
382,BRC Leg-15,3,10.24,980,0.16,15.1,14.77,350,36,37.78,Nolowfertile
383,BRC Leg-15,4,10.87,1085,0.09,11.72,13.17,300,36.67,33.33,Nolowfertile
384,BRC Leg-15,4,10.7,1075,0.13,17.11,10.79,290,32.67,34,Nolowfertile
385,BRC Leg-15,4,10.27,1100,0.11,14.49,10.73,320,35,35,Nolowfertile
386,BRC Leg-15,4,10.38,1090,0.08,10.35,12.33,285,35.33,34.11,Nolowfertile
387,BRC Leg-25,1,7.18,350,0.77,76.53,35.11,475,47,47.8,Nolowfertile
388,BRC Leg-25,1,7.1,365,0.79,68.67,30.2,477,45,48.67,Nolowfertile
389,BRC Leg-25,1,7.83,375,0.74,68.67,22.72,460,45,46.33,Nolowfertile
390,BRC Leg-25,1,7.88,355,0.73,66.67,22.29,500,45.33,47.4,Nolowfertile
391,BRC Leg-25,2,7.6,550,0.36,53.33,27.68,325,44,44,Nolowfertile
392,BRC Leg-25,2,8.06,570,0.33,49.2,22.57,330,42,44.5,Nolowfertile
393,BRC Leg-25,2,8.75,560,0.32,41.73,16.76,360,42,43.7,Nolowfertile
394,BRC Leg-25,2,8.72,580,0.3,46.13,17.27,350,44,43.7,Nolowfertile
395,BRC Leg-25,3,7.87,630,0.26,36.5,22.07,305,38.6,40,Nolowfertile
396,BRC Leg-25,3,8.45,600,0.17,31.68,18.31,310,38.4,41.2,Nolowfertile
397,BRC Leg-25,3,9,670,0.2,33.87,12.21,320,38.2,39.33,Nolowfertile
398,BRC Leg-25,3,8.86,700,0.16,30.91,13.35,325,39,40.2,Nolowfertile
399,BRC Leg-25,4,8.42,730,0.11,22.76,13.37,260,37.67,38.67,Nolowfertile
400,BRC Leg-25,4,8.85,710,0.11,20.49,16.07,250,37,37,Nolowfertile
401,BRC Leg-25,4,9.19,800,0.09,17.62,9.57,265,37,36.5,Nolowfertile
402,BRC Leg-25,4,9.03,780,0.06,19.83,11.89,270,36.33,36.33,Nolowfertile
403,BRC-Nonleg-15,1,8.6,340,0.64,50,25,305,43,45.2,Nolowfertile
404,BRC-Nonleg-15,1,8.78,310,0.63,56,28.75,325,43,45.6,Nolowfertile
405,BRC-Nonleg-15,1,8.27,290,0.67,55.4,26.5,310,43,46,Nolowfertile
406,BRC-Nonleg-15,1,8.55,320,0.65,52,26.7,300,45,45,Nolowfertile
407,BRC-Nonleg-15,2,9.53,530,0.21,33,19,240,41,42.4,Nolowfertile
408,BRC-Nonleg-15,2,9.27,530,0.14,33,22,270,40,41.6,Nolowfertile
409,BRC-Nonleg-15,2,9.13,520,0.24,36,18.35,250,39.67,42.6,Nolowfertile
410,BRC-Nonleg-15,2,9.3,550,0.2,34,19.62,255,42,42.1,Nolowfertile
411,BRC-Nonleg-15,3,10.04,800,0.1,27,14,215,37,37.4,Nolowfertile
412,BRC-Nonleg-15,3,9.47,760,0.11,24,16.63,235,37,37.8,Nolowfertile
413,BRC-Nonleg-15,3,9.44,755,0.17,26,16.3,205,38,37.2,Nolowfertile
414,BRC-Nonleg-15,3,9.65,765,0.13,25.3,15.5,230,39,38,Nolowfertile
415,BRC-Nonleg-15,4,10.35,920,0.11,18.5,12,170,33.33,35.8,Nolowfertile
416,BRC-Nonleg-15,4,9.67,855,0.13,18.5,12.1,200,34,36.2,Nolowfertile
417,BRC-Nonleg-15,4,9.67,860,0.15,22,17.3,175,34,35.5,Nolowfertile
418,BRC-Nonleg-15,4,9.9,885,0.13,20,13.72,210,35,36.4,Nolowfertile
419,BRCnonleg-25,1,8.13,350,0.96,86.4,29.6,430,47.6,48.68,Nolowfertile
420,BRCnonleg-25,1,8.2,365,1.03,84,27.52,425,47.8,48.8,Nolowfertile
421,BRCnonleg-25,1,8.15,360,1.01,85.6,28.48,395,47.5,47.9,Nolowfertile
422,BRCnonleg-25,1,8.45,370,1,85.35,30,420,47.9,49.2,Nolowfertile
423,BRCnonleg-25,2,8.66,450,0.11,41.6,19.04,325,45.4,45.3,Nolowfertile
424,BRCnonleg-25,2,8.65,460,0.26,36.6,17.92,300,45.3,44.7,Nolowfertile
425,BRCnonleg-25,2,8.75,480,0.23,46,15.36,330,45.7,45,Nolowfertile
426,BRCnonleg-25,2,8.8,470,0.2,41.6,21.4,320,45.5,45.2,Nolowfertile
427,BRCnonleg-25,3,9.05,580,0.08,22.4,17.28,180,43.6,40.4,Nolowfertile
428,BRCnonleg-25,3,9.2,550,0.11,26.5,18.08,200,43.2,39.8,Nolowfertile
429,BRCnonleg-25,3,9.1,560,0.11,24.5,16,160,43.4,40.6,Nolowfertile
430,BRCnonleg-25,3,9.3,570,0.1,24.35,17.12,180,43,40,Nolowfertile
431,BRCnonleg-25,4,9.3,640,0.09,17,16.42,125,41,36.8,Nolowfertile
432,BRCnonleg-25,4,9.33,610,0.09,20.4,12.45,125,41.2,37.3,Nolowfertile
433,BRCnonleg-25,4,9.27,660,0.09,18,12.68,140,41.5,36.4,Nolowfertile
434,BRCnonleg-25,4,9.5,630,0.09,18.4,13.85,130,41.4,36,Nolowfertile
435,NFS-banthra-1,1,8.7,395,0.48,75,30.16,330,46.2,46.6,Nolowfertile
436,NFS-banthra-1,1,8.85,485,0.46,70,24.66,340,45.8,45.8,Nolowfertile
437,NFS-banthra-1,1,8.55,400,0.53,74,31.72,355,46,45.2,Nolowfertile
438,NFS-banthra-1,1,8.65,420,0.49,73,28.85,345,46.1,46,Nolowfertile
439,NFS-banthra-1,2,9.35,680,0.11,54.4,21.32,225,44.2,43.5,Nolowfertile
440,NFS-banthra-1,2,9.5,720,0.05,55.4,22.6,250,44,42.8,Nolowfertile
441,NFS-banthra-1,2,9.4,640,0.15,52.8,21.44,250,43.7,43.2,Nolowfertile
442,NFS-banthra-1,2,9.15,660,0.1,54.2,21.79,240,44.1,43,Nolowfertile
443,NFS-banthra-1,3,10,865,0.09,25.4,17.2,170,41.5,39.2,Nolowfertile
444,NFS-banthra-1,3,9.75,890,0.04,26.2,18.08,160,41.3,38.7,Nolowfertile
445,NFS-banthra-1,3,9.8,850,0.1,25.2,20.8,175,41.2,38.3,Nolowfertile
446,NFS-banthra-1,3,9.48,875,0.08,25.6,18.69,170,41,39,Nolowfertile
447,NFS-banthra-1,4,10.2,1010,0.05,22.4,14,125,40.2,35.3,Nolowfertile
448,NFS-banthra-1,4,10.1,1050,0.03,18,15.8,145,40.6,35.6,Nolowfertile
449,NFS-banthra-1,4,10,960,0.07,15.8,15.2,140,40.3,36,Nolowfertile
450,NFS-banthra-1,4,9.85,1020,0.05,18.87,15,140,40.5,36.4,Nolowfertile
451,NFS-Bannthra-2,1,8.25,550,0.88,81.8,33.56,415,48.6,48.2,Nolowfertile
452,NFS-Bannthra-2,1,8.1,490,0.92,83.6,32.28,410,48.5,48.6,Nolowfertile
453,NFS-Bannthra-2,1,8.35,480,0.78,86.4,34.4,400,48.4,48.5,Nolowfertile
454,NFS-Bannthra-2,1,8.3,520,0.86,84,33.41,410,48.7,47.6,Nolowfertile
455,NFS-Bannthra-2,2,9.35,880,0.12,63.6,23.2,375,46.3,44.25,Nolowfertile
456,NFS-Bannthra-2,2,9.15,860,0.23,67.8,24.2,345,46.5,44.75,Nolowfertile
457,NFS-Bannthra-2,2,9.25,835,0.2,66.4,24.4,335,46.2,45,Nolowfertile
458,NFS-Bannthra-2,2,9.3,845,0.18,65.93,24,350,46.1,44.5,Nolowfertile
459,NFS-Bannthra-2,3,9.8,1050,0.11,35.6,20.8,250,43.6,37.5,Nolowfertile
460,NFS-Bannthra-2,3,9.4,1000,0.15,40.5,19.52,260,43.7,37.8,Nolowfertile
461,NFS-Bannthra-2,3,9.7,990,0.14,39.6,19.2,230,43.5,38.65,Nolowfertile
462,NFS-Bannthra-2,3,9.65,1020,0.13,38.57,19.84,245,43,38,Nolowfertile
463,NFS-Bannthra-2,4,9.9,1200,0.11,33.6,16,210,41.7,36.2,Nolowfertile
464,NFS-Bannthra-2,4,10,1110,0.12,31.2,16,200,41.5,35.8,Nolowfertile
465,NFS-Bannthra-2,4,10.25,1150,0.11,30.8,18.4,190,41.6,36.8,Nolowfertile
466,NFS-Bannthra-2,4,10.15,1140,0.11,31.87,16.8,200,41.8,36.4,Nolowfertile
467,NFS-Banthra-3,1,7.6,210,1.09,81.4,31.6,500,49.7,47.3,Nolowfertile
468,NFS-Banthra-3,1,7.65,205,0.92,80.66,29.52,470,49.6,46.5,Nolowfertile
469,NFS-Banthra-3,1,7.7,210,0.98,82.75,30.5,480,50.1,46.6,Nolowfertile
470,NFS-Banthra-3,1,7.75,215,0.99,79.6,32.3,485,50.2,46.2,Nolowfertile
471,NFS-Banthra-3,2,8.25,295,0.4,68.12,22.2,255,47.4,44.2,Nolowfertile
472,NFS-Banthra-3,2,8.35,310,0.38,65.33,18.52,245,47.2,44,Nolowfertile
473,NFS-Banthra-3,2,8.2,285,0.38,59,19.36,250,47.1,44.7,Nolowfertile
474,NFS-Banthra-3,2,8.3,310,0.39,64.15,20.34,250,47.5,44.5,Nolowfertile
475,NFS-Banthra-3,3,8.7,340,0.19,41.15,17.3,220,45,42.4,Nolowfertile
476,NFS-Banthra-3,3,8.8,360,0.2,48.36,17.08,200,44.8,41.7,Nolowfertile
477,NFS-Banthra-3,3,8.6,335,0.18,38.5,16,195,44.9,42.2,Nolowfertile
478,NFS-Banthra-3,3,8.75,345,0.19,42.67,18.24,205,45.2,42.6,Nolowfertile
479,NFS-Banthra-3,4,8.9,380,0.06,19.85,14.5,170,42.6,38.2,Nolowfertile
480,NFS-Banthra-3,4,8.8,365,0.07,17.5,12.5,145,42.8,39.8,Nolowfertile
481,NFS-Banthra-3,4,8.75,370,0.09,25.75,13.6,135,42.2,38.4,Nolowfertile
482,NFS-Banthra-3,4,8.85,365,0.07,21,14.6,150,42.3,38,Nolowfertile
483,Manmade S-1,1,8,190,1.13,84.6,30.16,350,47.6,47.3,Nolowfertile
484,Manmade S-1,1,8.05,205,0.95,85.42,29.65,375,47.8,47.7,Nolowfertile
485,Manmade S-1,1,7.85,185,1.14,79,31.72,375,48.1,47.2,Nolowfertile
486,Manmade S-1,1,7.9,220,1.07,83,33.4,370,48.2,47.6,Nolowfertile
487,Manmade S-1,2,8.2,235,0.41,62.42,21.32,250,45.3,44.5,Nolowfertile
488,Manmade S-1,2,7.96,250,0.4,62.1,22.6,250,45.1,45.1,Nolowfertile
489,Manmade S-1,2,8.1,235,0.39,60,21.44,276,45.4,44.2,Nolowfertile
490,Manmade S-1,2,8.14,240,0.4,65,24.65,260,45.2,44.7,Nolowfertile
491,Manmade S-1,3,8.26,277,0.25,44,17.52,200,42.1,41.4,Nolowfertile
492,Manmade S-1,3,8.3,278,0.22,43.7,19.32,180,42.3,42,Nolowfertile
493,Manmade S-1,3,8.24,270,0.22,55.1,18.6,200,42,41.7,Nolowfertile
494,Manmade S-1,3,8.25,275,0.23,47.58,20.52,190,42.5,41.5,Nolowfertile
495,Manmade S-1,4,8.6,360,0.15,22.54,14,150,40.2,39.5,Nolowfertile
496,Manmade S-1,4,8.9,380,0.16,19.8,15.8,140,39.7,38.8,Nolowfertile
497,Manmade S-1,4,8.7,375,0.19,28.12,15.2,160,39.8,39,Nolowfertile
498,Manmade S-1,4,8.8,365,0.17,23.5,16.25,150,41.2,38.5,Nolowfertile
499,Manmade-S-2,1,7.7,225,1.35,88.6,35.67,520,51.2,49.4,Nolowfertile
500,Manmade-S-2,1,7.8,220,1.24,87.4,34.38,495,51.5,48.5,Nolowfertile
501,Manmade-S-2,1,7.8,245,1.41,84.85,36.76,485,51.4,48.5,Nolowfertile
502,Manmade-S-2,1,7.8,230,1.33,85.62,37.42,500,51.3,48.8,Nolowfertile
503,Manmade-S-2,2,8.02,245,0.45,63,24.56,375,48.6,45.3,Nolowfertile
504,Manmade-S-2,2,8.1,240,0.45,67.6,25.4,375,47.8,46,Nolowfertile
505,Manmade-S-2,2,8.2,265,0.49,63.5,25.64,400,48.2,45.5,Nolowfertile
506,Manmade-S-2,2,7.98,250,0.46,64.7,24.86,385,48,45.7,Nolowfertile
507,Manmade-S-2,3,8.12,285,0.28,48.12,21,300,44.5,43.4,Nolowfertile
508,Manmade-S-2,3,8.18,300,0.29,55,20.62,275,44.2,43,Nolowfertile
509,Manmade-S-2,3,8.1,280,0.24,53.7,21.2,300,44.3,44.1,Nolowfertile
510,Manmade-S-2,3,8.2,315,0.27,52.3,21.48,290,44.6,43.6,Nolowfertile
511,Manmade-S-2,4,8.34,345,0.22,28.36,17.6,200,42.1,40.2,Nolowfertile
512,Manmade-S-2,4,8.48,330,0.24,30.7,16.78,200,42.3,41,Nolowfertile
513,Manmade-S-2,4,8.46,350,0.21,32.3,18.35,230,42.7,40.6,Nolowfertile
514,Manmade-S-2,4,8.52,355,0.22,30.45,19.56,210,42.5,41.5,Nolowfertile
515,Manmade-s3,1,7.56,265,1.43,84,49.6,1060,52.8,49.6,Nolowfertile
516,Manmade-s3,1,7.6,270,1.44,87.2,54.28,1050,53,49.2,Nolowfertile
517,Manmade-s3,1,7.64,275,1.42,82.6,52.6,1040,53.2,49.5,Nolowfertile
518,Manmade-s3,1,7.6,270,1.43,84.6,52.16,1050,53.4,48.6,Nolowfertile
519,Manmade-s3,2,8.05,240,0.98,61.6,49.16,735,49.2,46.3,Nolowfertile
520,Manmade-s3,2,8,250,1.1,64.1,52.3,715,49.1,46.5,Nolowfertile
521,Manmade-s3,2,8,245,1,59.8,50.2,731,49.4,46.1,Nolowfertile
522,Manmade-s3,2,8.02,245,1.03,61.83,50.55,727,49,45.5,Nolowfertile
523,Manmade-s3,3,8.1,210,0.72,50.4,40.8,660,45.5,42.4,Nolowfertile
524,Manmade-s3,3,8.2,220,0.8,52.6,42.18,640,45.2,42,Nolowfertile
525,Manmade-s3,3,8.1,200,0.76,48.2,43.48,629,45.3,42.8,Nolowfertile
526,Manmade-s3,3,8.13,210,0.76,50.4,42.15,645,45.4,42.5,Nolowfertile
527,Manmade-s3,4,8.2,185,0.53,44.8,40.6,400,42.5,39.6,Nolowfertile
528,Manmade-s3,4,8.3,190,0.6,46,38.7,360,42.3,40.2,Nolowfertile
529,Manmade-s3,4,8.25,180,0.55,42.8,36.72,380,42.1,40.4,Nolowfertile
530,Manmade-s3,4,8.25,185,0.56,44.53,38.67,380,42,40,Nolowfertile
531,KGRFB-Mix,1,6,130,2.19,106.4,77.4,2765,53.6,48.4,Nolowfertile
532,KGRFB-Mix,1,6.1,140,2.24,110.5,80.56,2735,53.7,48.2,Nolowfertile
533,KGRFB-Mix,1,5.9,135,2.35,106.2,82.42,2762,53.5,49,Nolowfertile
534,KGRFB-Mix,1,6,135,2.26,107.7,80.13,2750,54,48.5,Nolowfertile
535,KGRFB-Mix,2,5.85,120,1.42,72.8,57.4,2630,50.1,45.3,Nolowfertile
536,KGRFB-Mix,2,5.9,125,1.35,75.6,54.28,2680,50.4,44.7,Nolowfertile
537,KGRFB-Mix,2,5.8,130,1.38,78.4,56.45,2640,50.3,45.1,Nolowfertile
538,KGRFB-Mix,2,5.85,125,1.38,75.6,56,2650,50.5,44.9,Nolowfertile
539,KGRFB-Mix,3,5.78,100,1.25,72.8,48.64,1910,47.3,41.6,Nolowfertile
540,KGRFB-Mix,3,5.8,90,1.3,70.6,52.24,1870,47.7,42,Nolowfertile
541,KGRFB-Mix,3,5.85,110,1.36,68.4,54.46,1860,47.8,41.8,Nolowfertile
542,KGRFB-Mix,3,5.81,120,1.3,70.6,51.78,1880,47.4,42.2,Nolowfertile
543,KGRFB-Mix,4,5.75,90,0.83,50.4,44.48,1770,43.2,38.7,Nolowfertile
544,KGRFB-Mix,4,5.7,95,0.86,48.5,46,1730,43,38.9,Nolowfertile
545,KGRFB-Mix,4,5.72,85,0.82,54.7,47.8,1740,43.4,39.3,Nolowfertile
546,KGRFB-Mix,4,5.72,90,0.84,51.2,46,1760,43.1,39,Nolowfertile
547,KGRFB-Teak,1,6.25,185,0.9,56,36.48,725,51.2,49.6,Nolowfertile
548,KGRFB-Teak,1,6.3,190,0.98,58.6,39.35,700,51.25,49.8,Nolowfertile
549,KGRFB-Teak,1,6.2,180,0.92,60.2,42.65,696,51.5,50,Nolowfertile
550,KGRFB-Teak,1,6.25,185,0.93,58.27,39.49,710,51.3,49.5,Nolowfertile
551,KGRFB-Teak,2,5.65,155,0.77,50.4,48.32,400,47.4,46.8,Nolowfertile
552,KGRFB-Teak,2,5.7,165,0.8,46.5,49.67,380,46.85,46.5,Nolowfertile
553,KGRFB-Teak,2,5.6,160,0.76,49.4,52.42,399,46.9,47.2,Nolowfertile
554,KGRFB-Teak,2,5.65,160,0.78,48.77,50.14,390,47.2,46.3,Nolowfertile
555,KGRFB-Teak,3,5.72,90,0.59,39.2,30.88,365,43.2,43.2,Nolowfertile
556,KGRFB-Teak,3,5.75,95,0.65,41.8,34.68,320,44.3,43.6,Nolowfertile
557,KGRFB-Teak,3,5.8,85,0.62,37.2,33.24,335,43.5,43.8,Nolowfertile
558,KGRFB-Teak,3,5.76,90,0.62,39.4,32.93,340,43,43,Nolowfertile
559,KGRFB-Teak,4,5.7,75,0.23,39.2,41.6,340,41.32,40.3,Nolowfertile
560,KGRFB-Teak,4,5.8,55,0.26,38.6,43.56,300,41.25,40.4,Nolowfertile
561,KGRFB-Teak,4,5.85,60,0.28,34.2,39.85,341,41.44,41,Nolowfertile
562,KGRFB-Teak,4,5.78,70,0.26,37.33,41.67,330,41.45,40.7,Nolowfertile
563,KGRFB-Sal,1,5.95,130,1.08,95.2,48,1515,46.52,48.5,Nolowfertile
564,KGRFB-Sal,1,6,140,1.12,98.2,50.16,1520,47.24,48.2,Nolowfertile
565,KGRFB-Sal,1,5.9,135,1.16,102.4,53.44,1495,46.8,47.8,Nolowfertile
566,KGRFB-Sal,1,5.95,135,1.12,98.6,50.33,1510,46.75,48,Nolowfertile
567,KGRFB-Sal,2,6.27,140,0.59,56,41.28,1440,44.22,44.2,Nolowfertile
568,KGRFB-Sal,2,6.3,150,0.62,61,39.58,1430,43.87,44.5,Nolowfertile
569,KGRFB-Sal,2,6.35,145,0.65,58.2,43.45,1420,44.15,44.7,Nolowfertile
570,KGRFB-Sal,2,6.31,145,0.62,58.4,41.44,1450,41.36,45,Nolowfertile
571,KGRFB-Sal,3,6.75,185,0.51,50.4,44.48,1050,42.34,41.6,Nolowfertile
572,KGRFB-Sal,3,6.8,190,0.54,48.4,41.65,1015,42.18,41.3,Nolowfertile
573,KGRFB-Sal,3,6.85,195,0.56,45.1,40.86,1025,42.56,41.5,Nolowfertile
574,KGRFB-Sal,3,6.8,190,0.54,47.97,42.33,1030,42,42,Nolowfertile
575,KGRFB-Sal,4,8.2,280,0.48,50.4,45.44,750,41.28,38.6,lowfertile
576,KGRFB-Sal,4,8.1,290,0.5,48.6,42.36,730,40.86,38.4,lowfertile
577,KGRFB-Sal,4,8.3,300,0.55,52.5,40.12,740,41,38,lowfertile
578,KGRFB-Sal,4,8.2,330,0.51,50.5,42.64,740,40.92,39.1,lowfertile
579,KGRFB-Grass,1,9.5,570,0.13,24,12.72,185,40.23,40.1,lowfertile
580,KGRFB-Grass,1,9.44,550,0.11,30,13.56,200,41.2,39.6,lowfertile
581,KGRFB-Grass,1,9.55,580,0.14,32,14.26,230,40.56,38.7,lowfertile
582,KGRFB-Grass,1,9.48,600,0.13,34,11.47,215,41.45,38.5,lowfertile
583,KGRFB-Grass,2,10.4,970,0.1,18,9.54,130,37.56,36.5,lowfertile
584,KGRFB-Grass,2,10.36,960,0.11,22,10.48,145,37.85,35.7,lowfertile
585,KGRFB-Grass,2,10.45,985,0.1,17,11.28,150,37.42,35.8,lowfertile
586,KGRFB-Grass,2,10.5,1005,0.1,23,10.36,135,37,36,lowfertile
587,KGRFB-Grass,3,10.73,1350,0.05,8,8.24,100,35.24,32.3,lowfertile
588,KGRFB-Grass,3,10.76,1340,0.05,12,9.64,125,35,32.5,lowfertile
589,KGRFB-Grass,3,10.65,1370,0.05,10,10.43,140,35.64,31.8,lowfertile
590,KGRFB-Grass,3,10.7,1380,0.05,15,9.25,120,35.67,32,lowfertile
591,KGRFB-Grass,4,11.45,1450,0.03,7,4.4,60,33.27,29.7,lowfertile
592,KGRFB-Grass,4,11.4,1420,0.03,6,5.6,80,33.65,30.2,lowfertile
593,KGRFB-Grass,4,10.42,1430,0.03,9,5.84,90,33.42,29.5,lowfertile
594,KGRFB-Grass,4,11.5,1460,0.03,10,5.75,75,33.12,29.3,lowfertile
595,Plot-42 BC,1,8.4,410,0.46,26.73,20.2,300,42.5,40,lowfertile
596,Plot-42 BC,1,8,485,0.342,25.58,19.6,275,40.4,41,lowfertile
597,Plot-42 BC,1,8.2,395,0.36,24.33,18.6,287.5,41.3,39,lowfertile
598,Plot-42 BC,2,9,270,0.195,18.15,12.1,237.5,37.5,37,lowfertile
599,Plot-42 BC,2,8.6,270,0.23,17.94,11.6,225,38.7,37,lowfertile
600,Plot-42 BC,2,8.1,245,0.27,16.94,10.2,262.5,32.6,33,lowfertile
601,Plot-42 BC,3,9.3,336,0.12,15.33,8.6,200,53.5,44,lowfertile
602,Plot-42 BC,3,8.9,350,0.12,11.15,7.2,175,55,48,lowfertile
603,Plot-42 BC,3,8.6,285,0.105,13.94,6.4,200,60.6,54,lowfertile
604,Plot-42 BC,4,9.4,430,0.09,8.79,6.8,162.5,51.5,47,lowfertile
605,Plot-42 BC,4,9.2,540,0.09,6.5,5.4,150,53.7,45,lowfertile
606,Plot-42 BC,4,8.8,400,0.075,7.2,5.2,162.5,52.3,46,lowfertile
607,Plot-1 BC,1,8.13,190,0.96,44.6,59.2,400,49.3,43,lowfertile
608,Plot-1 BC,1,8.34,180,0.93,40.41,53.12,410,47.7,40,lowfertile
609,Plot-1 BC,1,8.25,185,0.945,42,56,440,44.5,39,lowfertile
610,Plot-1 BC,2,8.4,140,0.525,30.66,48.64,340,39.7,38,lowfertile
611,Plot-1 BC,2,8.7,170,0.615,25.08,55.04,350,46.3,43,lowfertile
612,Plot-1 BC,2,8.6,155,0.57,28,51,400,48.2,45,lowfertile
613,Plot-1 BC,3,8.5,130,0.285,18.48,18.6,221,48.53,43.59,lowfertile
614,Plot-1 BC,3,9,200,0.165,16.36,17.96,190,48.2,42.57,lowfertile
615,Plot-1 BC,3,8.9,165,0.225,17.5,16,225,46.52,40.7,lowfertile
616,Plot-1 BC,4,8.8,250,0.18,12.8,14.6,150,46.15,39.88,lowfertile
617,Plot-1 BC,4,9.9,300,0.15,10.6,12.3,175,46.15,36.18,lowfertile
618,Plot-1 BC,4,9.5,275,0.165,12,10,190,46.2,34.63,lowfertile
619,Plot-3 BC,1,8.75,270,0.745,17.11,45.5,375,52.55,41.9,lowfertile
620,Plot-3 BC,1,8.95,340,0.845,14.93,48.2,320,51.88,40.73,lowfertile
621,Plot-3 BC,1,8.85,305,0.795,16.02,46,350,49.34,46.55,lowfertile
622,Plot-3 BC,2,9.5,510,0.24,9.15,23.2,250,49.2,45.4,lowfertile
623,Plot-3 BC,2,10.4,570,0.12,7.57,23.04,270,47.54,44.4,lowfertile
624,Plot-3 BC,2,9.9,540,0.18,8.4,23.12,230,47.02,43.4,lowfertile
625,Plot-3 BC,3,9.7,620,0.18,9.75,19.52,195,45.75,39.4,lowfertile
626,Plot-3 BC,3,10.1,700,0.15,5.57,21.76,220,45.7,37.85,lowfertile
627,Plot-3 BC,3,10,660,0.165,7.7,18,200,52.04,45.65,lowfertile
628,Plot-3 BC,4,9.8,650,0.165,5.6,15.52,165,51.45,44.58,lowfertile
629,Plot-3 BC,4,9.95,750,0.12,4,17.12,200,49.75,46.98,lowfertile
630,Plot-3 BC,4,10.2,700,0.1425,5,14,175,49.7,45.47,lowfertile
631,Plot-25 BC,1,9.94,260,0.6,19,25,300,48.04,44.57,lowfertile
632,Plot-25 BC,1,9.8,320,0.48,20.02,23,340,47.45,43.85,lowfertile
633,Plot-25 BC,1,9.7,290,0.54,19.5,22,350,45.61,39.89,lowfertile
634,Plot-25 BC,2,10.11,750,0.24,12,16.42,305,45.53,38.65,lowfertile
635,Plot-25 BC,2,10.2,800,0.135,8,19.52,300,51.87,45.83,lowfertile
636,Plot-25 BC,2,10.25,775,0.1875,9.4,14.5,295,51.3,45.12,lowfertile
637,Plot-25 BC,3,10.25,680,0.135,5,12.32,230,49.7,50.4,lowfertile
638,Plot-25 BC,3,10.45,770,0.12,6,16.96,240,49.64,49.4,lowfertile
639,Plot-25 BC,3,10.3,725,0.1275,7,13.28,225,47.99,47.8,lowfertile
640,Plot-25 BC,4,10.45,700,0.105,6,11.68,150,47.4,47.27,lowfertile
641,Plot-25 BC,4,10.55,740,0.15,5,13.12,200,45.69,43.2,lowfertile
642,Plot-25 BC,4,10.6,720,0.1275,4,12.4,175,45.63,42.23,lowfertile
643,Plot-plpr,1,8.76,200,0.735,25.08,50.24,350,51.97,49.27,lowfertile
644,Plot-plpr,1,9.02,210,0.705,23.69,48.56,375,51.38,48.27,lowfertile
645,Plot-plpr,1,8.9,205,0.72,24.4,49.4,375,51.56,53.8,lowfertile
646,Plot-plpr,2,9.56,200,0.3,16.72,32.52,250,49.85,52.4,lowfertile
647,Plot-plpr,2,9.6,220,0.165,19.51,28.44,250,48.4,51,lowfertile
648,Plot-plpr,2,9.5,210,0.2325,18.2,30.48,276,48,50.6,lowfertile
649,Plot-plpr,3,10.05,280,0.09,8.36,13.76,200,49.6,47.2,lowfertile
650,Plot-plpr,3,10.2,220,0.12,6.96,16,180,49.2,45.8,lowfertile
651,Plot-plpr,3,10.15,250,0.105,7.7,14.88,200,55.2,53.3,lowfertile
652,Plot-plpr,4,10.2,330,0.09,3.98,9.44,150,54.8,52,lowfertile
653,Plot-plpr,4,10.6,340,0.105,4.38,9.12,140,51.62,51.33,lowfertile
654,Plot-plpr,4,10.7,335,0.0975,4.2,9.28,160,50.89,51.31,lowfertile
655,Plot-56 BC,1,8.35,200,0.565,19.51,16.48,325,49.19,49.44,lowfertile
656,Plot-56 BC,1,8.4,250,0.62,15.33,15.4,350,48.73,48.43,lowfertile
657,Plot-56 BC,1,8.5,225,0.5925,17.5,13.5,375,48.26,44.47,lowfertile
658,Plot-56 BC,2,9,210,0.24,9.75,12.88,265,47.31,43.48,lowfertile
659,Plot-56 BC,2,8.8,300,0.22,12.54,13.2,225,53.6,50.77,lowfertile
660,Plot-56 BC,2,9.2,255,0.23,11.2,9.6,250,53.18,49.41,lowfertile
661,Plot-56 BC,3,9.6,490,0.165,7,10.4,250,51.4,53.91,lowfertile
662,Plot-56 BC,3,9.5,440,0.105,8.36,11.2,190,50.75,52.65,lowfertile
663,Plot-56 BC,3,9.7,465,0.135,7.8,10.8,210,49.06,51.32,lowfertile
664,Plot-56 BC,4,9.9,610,0.12,5.6,8.6,200,48.58,50.57,lowfertile
665,Plot-56 BC,4,10,630,0.135,8.4,7.6,150,47.69,46.51,lowfertile
666,Plot-56 BC,4,10.2,620,0.1275,7,8.2,170,46.94,45.56,lowfertile
667,Plot-43 BC,1,8.2,230,0.425,29.5,20.1,375,53.23,52.6,lowfertile
668,Plot-43 BC,1,8.3,255,0.51,30.6,12.054,375,52.78,51.5,lowfertile
669,Plot-43 BC,1,8,330,0.46,32.3,16.071,425,53.6,48,lowfertile
670,Plot-43 BC,2,9.5,400,0.165,23.7,17.41,275,51.7,48,lowfertile
671,Plot-43 BC,2,8.2,370,0.18,24.2,8.036,287.5,52.2,48,lowfertile
672,Plot-43 BC,2,8.1,315,0.195,25.6,12.054,337.5,45.5,44,lowfertile
673,Plot-43 BC,3,9.4,640,0.135,12.5,10.045,287.5,46.3,41,lowfertile
674,Plot-43 BC,3,9.4,570,0.09,13.6,8.036,287.5,42.6,41,lowfertile
675,Plot-43 BC,3,8.8,515,0.12,14.8,8.036,300,46.3,44,lowfertile
676,Plot-43 BC,4,9.7,895,0.09,8.36,12.054,312.5,46.5,44,lowfertile
677,Plot-43 BC,4,9.5,795,0.06,9.4,12.054,287.5,43.4,44,lowfertile
678,Plot-43 BC,4,9.2,730,0.09,10.5,4.018,325,39.6,40,lowfertile
679,Plot-44 BC,1,8.6,375,0.6,32.5,20.2,387.5,37.5,37,lowfertile
680,Plot-44 BC,1,8.8,475,0.355,34,28.14,430,38.7,37,lowfertile
681,Plot-44 BC,1,8.5,525,0.365,35.3,24.11,395,55.6,49,lowfertile
682,Plot-44 BC,2,8.9,275,0.225,22.6,13.054,375,55.5,46,lowfertile
683,Plot-44 BC,2,9.1,237.5,0.185,25.3,15.054,350,64,57,lowfertile
684,Plot-44 BC,2,8.8,387.5,0.215,26.7,16.1,325,57.3,51,lowfertile
685,Plot-44 BC,3,9.2,262.5,0.06,16.5,10.2,280,55.5,51,lowfertile
686,Plot-44 BC,3,9.4,237.5,0.105,18.2,11.5,280,56.7,48,lowfertile
687,Plot-44 BC,3,9,375,0.12,19.4,12.08,287.5,51.5,46,lowfertile
688,Plot-44 BC,4,9.6,312.5,0.075,10.8,8.036,225,49.3,43,lowfertile
689,Plot-44 BC,4,9.8,287.5,0.09,12.6,8.036,237.5,47.7,40,lowfertile
690,Plot-44 BC,4,9.5,325,0.09,13.4,12.054,262.5,43.2,40,lowfertile
691,Plot-14 BC,1,8.5,420,0.735,27.5,16.5,430,49.7,48,lowfertile
692,Plot-14 BC,1,9.1,490,0.525,29.2,17.8,395,47.3,44,lowfertile
693,Plot-14 BC,1,9,485,0.435,26.4,15.2,425,53.6,50,lowfertile
694,Plot-14 BC,2,9.1,520,0.3,18.2,10.6,287.5,50.8,50,lowfertile
695,Plot-14 BC,2,9.3,545,0.285,19.1,11.8,250,52.5,47,lowfertile
696,Plot-14 BC,2,9.1,480,0.195,15.4,9.4,275,47.5,47,lowfertile
697,Plot-14 BC,3,9.3,600,0.165,12.6,7.8,280.5,45.3,44,lowfertile
698,Plot-14 BC,3,9.3,520,0.18,14.2,8.6,280,42.2,42,lowfertile
699,Plot-14 BC,3,9.1,530,0.09,11.3,7,250,46.7,48,lowfertile
700,Plot-14 BC,4,9.5,715,0.12,8.8,5.4,237.5,44.3,45,lowfertile
701,Plot-14 BC,4,9.4,625,0.12,10.2,6.6,237.5,42.5,43,lowfertile
702,Plot-14 BC,4,9.2,550,0.06,7.4,4.8,237.5,39.4,43,lowfertile
703,Plot-28 BC,1,8.1,356,0.66,22.3,10.5,312.5,37.7,41,lowfertile
704,Plot-28 BC,1,8.5,450,0.445,18.2,12,262.5,38.8,38,lowfertile
705,Plot-28 BC,1,8.2,390,0.345,19.5,11.4,250,57.3,47,lowfertile
706,Plot-28 BC,2,8.3,262,0.255,16.54,7.6,150,57.2,45,lowfertile
707,Plot-28 BC,2,8.7,394,0.195,12.76,8.4,180,61.8,54,lowfertile
708,Plot-28 BC,2,8.4,405,0.18,15.33,7,200,56.4,49,lowfertile
709,Plot-28 BC,3,9,390,0.135,10.36,5.6,112.5,54.2,49,lowfertile
710,Plot-28 BC,3,9.2,480,0.14,9.76,6.6,162.5,52,46,lowfertile
711,Plot-28 BC,3,8.7,555,0.12,7.5,6,150,49.2,42,lowfertile
712,Plot-28 BC,4,9.2,560,0.135,7.4,4.4,187.5,49.4,40,lowfertile
713,Plot-28 BC,4,9.3,565,0.09,5.6,5.2,175,46,41,lowfertile
714,Plot-28 BC,4,9,650,0.09,6,5,150,40.8,36,lowfertile
715,Plot-29 BC,1,8.5,470,0.435,34.33,18.14,312.5,49.4,45,lowfertile
716,Plot-29 BC,1,8.3,360,0.375,33.54,21.76,275,47.6,43,lowfertile
717,Plot-29 BC,1,8.6,280,0.42,34,22.3,300,57.7,51,lowfertile
718,Plot-29 BC,2,8.9,550,0.12,19,12,262.5,58.3,52,lowfertile
719,Plot-29 BC,2,9,450,0.145,17,13.5,238,54.7,47,lowfertile
720,Plot-29 BC,2,9.4,420,0.17,16.5,14.6,262.5,50.3,44,lowfertile
721,Plot-29 BC,3,9.5,700,0.06,12.6,8.8,200,50.7,44,lowfertile
722,Plot-29 BC,3,9.2,630,0.12,10.2,9.2,200,47.5,44,lowfertile
723,Plot-29 BC,3,9.6,650,0.11,11.4,9.8,225,51.6,48,lowfertile
724,Plot-29 BC,4,9.7,950,0.105,8.5,5.34,162.5,51.4,45,lowfertile
725,Plot-29 BC,4,9.3,850,0.09,6.8,4.56,175,48.8,45,lowfertile
726,Plot-29 BC,4,10.2,840,0.09,7.6,4.64,175,45.4,41,lowfertile
727,M Md F S-1,1,7.6,210,1.088,41.4,29.6,500,43,39,lowfertile
728,M Md F S-1,1,7.65,205,0.916,40.66,27.52,470,41.5,37,lowfertile
729,M Md F S-1,1,7.7,210,0.976,42.75,28.48,480,48.6,44,lowfertile
730,M Md F S-1,2,8.25,295,0.395,18.12,19.04,275,48.3,45,lowfertile
731,M Md F S-1,2,8.35,310,0.38,15.33,17.92,225,56,51,lowfertile
732,M Md F S-1,2,8.2,285,0.38,29,15.36,250,51.3,45,lowfertile
733,M Md F S-1,3,8.7,340,0.1855,11.15,17.28,220,49.5,46,lowfertile
734,M Md F S-1,3,8.8,360,0.2,8.36,18.08,200,47.1,46,lowfertile
735,M Md F S-1,3,8.6,335,0.175,18.5,16,195,39.7,42,lowfertile
736,M Md F S-1,4,8.9,380,0.056,9.85,16.42,170,40,40,lowfertile
737,M Md F S-1,4,8.8,365,0.065,7.5,12.45,145,38.5,41,lowfertile
738,M Md F S-1,4,8.75,370,0.085,15.75,12.68,135,34.6,36,lowfertile
739,M Md F S-2,1,8,190,1.126,44.6,30.16,350,40.5,42,lowfertile
740,M Md F S-2,1,8.1,205,0.95,40.42,24.66,375,38.4,40,lowfertile
741,M Md F S-2,1,7.9,185,1.136,39,31.72,375,51.7,50,lowfertile
742,M Md F S-2,2,8.2,235,0.41,32.42,21.32,250,51.8,47,lowfertile
743,M Md F S-2,2,8,250,0.4,28.1,22.6,250,51,47,lowfertile
744,M Md F S-2,2,8.1,235,0.39,30,21.44,276,46.3,44,lowfertile
745,M Md F S-2,3,8.3,277,0.25,13.93,17.2,200,44.7,42,lowfertile
746,M Md F S-2,3,8.3,278,0.22,23.7,18.08,180,45.5,43,lowfertile
747,M Md F S-2,3,8.25,270,0.22,25.1,20.8,200,45.7,47,lowfertile
748,M Md F S-2,4,8.6,360,0.15,12.54,14,150,46,44,lowfertile
749,M Md F S-2,4,8.9,380,0.16,9.8,15.8,140,44.2,41,lowfertile
750,M Md F S-2,4,8.7,375,0.19,18.12,15.2,160,38.2,40,lowfertile
751,M Md F S-3,1,7.7,225,1.35,44.6,33.56,520,36.7,37,lowfertile
752,M Md F S-3,1,7.8,220,1.24,47.4,32.28,495,37.6,35,lowfertile
753,M Md F S-3,1,7.8,245,1.41,44.85,34.4,485,51.2,47,lowfertile
754,M Md F S-3,2,8,245,0.45,33,23.2,375,49.1,47,lowfertile
755,M Md F S-3,2,8.1,240,0.445,37.6,24.2,375,58,53,lowfertile
756,M Md F S-3,2,8.2,265,0.49,33.5,24.4,400,51.5,50,lowfertile
757,M Md F S-3,3,8.1,285,0.28,18.12,20.8,300,52.7,50,lowfertile
758,M Md F S-3,3,8.2,300,0.29,25,19.52,275,50.3,50,lowfertile
759,M Md F S-3,3,8.1,280,0.24,23.7,19.2,300,42.4,45,lowfertile
760,M Md F S-3,4,8.3,345,0.22,18.36,16,200,40.7,43,lowfertile
761,M Md F S-3,4,8.5,330,0.235,20.7,16,200,41.1,41,lowfertile
762,M Md F S-3,4,8.5,350,0.205,22.3,18.4,230,38.3,39,lowfertile
763,Plot-31 AC,1,8.55,475,0.735,32.6,34.56,300,44.8,44,lowfertile
764,Plot-31 AC,1,7.83,450,0.63,34,36.56,300,42,42,lowfertile
765,Plot-31 AC,1,8.35,480,0.495,33,27.36,250,52.3,48,lowfertile
766,Plot-31 AC,2,8.8,555,0.105,24.5,20.48,200,52.6,45,lowfertile
767,Plot-31 AC,2,7.89,570,0.24,22,17.92,250,53.2,47,lowfertile
768,Plot-31 AC,2,9.2,590,0.12,22.5,20.32,200,46.2,43,lowfertile
769,Plot-31 AC,3,9.13,885,0.06,16.8,24.96,200,44.5,40,lowfertile
770,Plot-31 AC,3,7.97,800,0.135,15.2,20.8,200,42.8,38,lowfertile
771,Plot-31 AC,3,9.56,860,0.135,17,19.68,150,44.5,46,lowfertile
772,Plot-31 AC,4,9.46,862,0.06,10.2,13.44,200,44.7,42,lowfertile
773,Plot-31 AC,4,8.4,940,0.105,11,23,200,41,41,lowfertile
774,Plot-31 AC,4,9.83,980,0.09,9.4,12.64,150,37.2,40,lowfertile
775,Plot-41 AC,1,8.35,320,0.51,30,20.32,350,35.4,37,lowfertile
776,Plot-41 AC,1,8.2,350,0.48,28,16.42,340,36.6,33,lowfertile
777,Plot-41 AC,1,8.45,360,0.46,29.2,18,360,50.2,48,lowfertile
778,Plot-41 AC,2,8.89,380,0.285,22,16.48,280,48,46,lowfertile
779,Plot-41 AC,2,8.6,410,0.21,20,13.64,245,54.4,52,lowfertile
780,Plot-41 AC,2,8.8,425,0.25,21.3,15,275,50.3,48,lowfertile
781,Plot-41 AC,3,9.33,540,0.255,15.4,14.08,250,51.7,49,lowfertile
782,Plot-41 AC,3,9.2,560,0.16,14,17.48,200,49.5,47,lowfertile
783,Plot-41 AC,3,9.4,590,0.2,16.2,13,200,41.1,41,lowfertile
784,Plot-41 AC,4,9.53,690,0.15,11.5,18.4,200,42.3,39,lowfertile
785,Plot-41 AC,4,9.45,720,0.125,9.2,15.84,170,40.8,40,lowfertile
786,Plot-41 AC,4,9.6,700,0.14,10.5,12,150,35.6,36,lowfertile
787,Plot-42 AC,1,8,370,0.555,29.6,22.56,260,38.7,41,lowfertile
788,Plot-42 AC,1,8.35,390,0.395,31.3,11.68,290,40.4,41,lowfertile
789,Plot-42 AC,1,7.95,345,0.36,28.5,19.59,250,55.3,50,lowfertile
790,Plot-42 AC,2,8.2,430,0.15,20.2,19.36,100,53.6,47,lowfertile
791,Plot-42 AC,2,8.95,450,0.15,19.6,8.96,150,51,44,lowfertile
792,Plot-42 AC,2,8.26,470,0.18,18.4,11.68,150,47.7,45,lowfertile
793,Plot-42 AC,3,8.7,640,0.135,13.6,19.36,100,44.3,42,lowfertile
794,Plot-42 AC,3,9.3,660,0.135,12.2,19.86,150,44.5,40,lowfertile
795,Plot-42 AC,3,8.18,635,0.165,11,28.64,150,46.3,46,lowfertile
796,Plot-42 AC,4,9,770,0.12,7.8,15.68,200,44,44,lowfertile
797,Plot-42 AC,4,9.3,800,0.135,8.4,13.44,150,42.3,41,lowfertile
798,Plot-42 AC,4,8.2,815,0.165,9.6,15.2,150,38.5,40,lowfertile
799,Plot-14 AUC,1,9.2,300,0.39,17.8,18.56,250,36.3,40,lowfertile
800,Plot-14 AUC,1,9.7,760,0.345,18.4,26.24,200,37.1,37,lowfertile
801,Plot-14 AUC,1,9.5,520,0.3,17.1,12.96,200,50.2,46,lowfertile
802,Plot-14 AUC,2,9.8,640,0.135,12.86,13.28,200,48.7,46,lowfertile
803,Plot-14 AUC,2,10.3,480,0.075,11.28,20.96,150,54,50,lowfertile
804,Plot-14 AUC,2,10.2,550,0.135,12.1,12.8,150,51.3,49,lowfertile
805,Plot-14 AUC,3,10,990,0.09,9.85,12.8,150,49.6,46,lowfertile
806,Plot-14 AUC,3,10.5,1620,0.015,8.74,15.68,100,47,44,lowfertile
807,Plot-14 AUC,3,10.5,620,0.12,9.25,10.72,150,41.4,42,lowfertile
808,Plot-14 AUC,4,10.2,1090,0.075,6.45,8.64,150,41.2,39,lowfertile
809,Plot-14 AUC,4,10.7,1700,0.03,6.2,15.2,100,38.3,41,lowfertile
810,Plot-14 AUC,4,10.8,1720,0.105,5.78,8.8,150,34.3,36,lowfertile
811,Plot-15 AUC,1,9.9,420,0.195,18,18.7,200,39.6,42,lowfertile
812,Plot-15 AUC,1,9.1,420,0.6,17.4,14.72,250,39,44,lowfertile
813,Plot-15 AUC,1,9.3,235,0.3,19,45.52,200,54.7,49,lowfertile
814,Plot-15 AUC,2,10.4,780,0.09,13.1,22.56,215,55.2,47,lowfertile
815,Plot-15 AUC,2,10,620,0.105,12.6,11.52,200,53,44,lowfertile
816,Plot-15 AUC,2,10,455,0.045,12,23.2,185,47.3,44,lowfertile
817,Plot-15 AUC,3,10.6,700,0.045,10,15.68,200,48.2,41,lowfertile
818,Plot-15 AUC,3,10.5,1200,0.06,9.6,10.24,200,46.1,39,lowfertile
819,Plot-15 AUC,3,10.5,770,0.09,9,13.92,150,48.3,45,lowfertile
820,Plot-15 AUC,4,10.6,1290,0.075,6.5,13.12,200,46.6,46,lowfertile
821,Plot-15 AUC,4,10.7,1590,0.075,7,6.4,150,44,42,lowfertile
822,Plot-15 AUC,4,10.9,1320,0.075,5.5,8.96,150,39.5,40,lowfertile
823,Plot-16 AUC,1,9,310,0.255,16.5,55.04,300,37.4,37,lowfertile
824,Plot-16 AUC,1,9.4,380,0.24,15,22.72,275,35,38,lowfertile
825,Plot-16 AUC,1,8.6,190,0.24,17,20,250,76.8,49.9,lowfertile
826,Plot-16 AUC,2,9.8,530,0.135,11.6,23.36,300,67.25,44.94,lowfertile
827,Plot-16 AUC,2,10,680,0.075,10,20.96,250,73.24,51.79,lowfertile
828,Plot-16 AUC,2,9.4,680,0.075,10.5,18.8,250,63.72,54.43,lowfertile
829,Plot-16 AUC,3,10.5,780,0.075,8.6,19.2,265,64.9,53.36,lowfertile
830,Plot-16 AUC,3,10.4,730,0.06,7.8,20.42,245,62.2,47.24,lowfertile
831,Plot-16 AUC,3,9.8,560,0.123,8,10.8,240,69.09,55.02,lowfertile
832,Plot-16 AUC,4,11,1230,0.045,5.4,8.8,215,65.76,60.3,lowfertile
833,Plot-16 AUC,4,10.8,935,0.045,6,15.04,200,68.1,56.58,lowfertile
834,Plot-16 AUC,4,10.2,680,0.075,5.8,9.92,185,62.24,55.4,lowfertile
835,Plot-17 AUC,1,9.1,370,0.825,19.8,36.32,300,54.08,65.72,lowfertile
836,Plot-17 AUC,1,9.7,390,0.33,20,19.68,250,51.8,61.5,lowfertile
837,Plot-17 AUC,1,9.9,670,0.225,19,19.68,250,64,59.75,lowfertile
838,Plot-17 AUC,2,9.9,850,0.225,14,13.28,220,70.65,55,lowfertile
839,Plot-17 AUC,2,10.1,680,0.21,13.6,16.15,180,59.6,59.76,lowfertile
840,Plot-17 AUC,2,10.8,250,0.09,15,17.6,200,63.03,50.95,lowfertile
841,Plot-17 AUC,3,10.5,1000,0.165,9.8,10.4,205,58.65,50.8,lowfertile
842,Plot-17 AUC,3,10.4,720,0.12,10,14.4,175,63.65,53.45,lowfertile
843,Plot-17 AUC,3,10.9,1370,0.165,11,13.4,170,54.23,51.42,lowfertile
844,Plot-17 AUC,4,10.6,1360,0.12,6.8,8.64,200,58.86,43.25,lowfertile
845,Plot-17 AUC,4,10.6,1190,0.12,7.2,11.8,150,47.95,54.22,lowfertile
846,Plot-17 AUC,4,11,1620,0.12,7.8,10.4,150,51.23,54.4,lowfertile
847,Plot-18 AUC,1,9.7,320,0.345,20,19.84,520,64.42,40.44,lowfertile
848,Plot-18 AUC,1,9.5,450,0.555,21.2,21.76,555,61.39,56.33,lowfertile
849,Plot-18 AUC,1,8,380,0.315,19.6,19.24,550,58.65,58.21,lowfertile
850,Plot-18 AUC,2,9.8,580,0.105,15.6,18.24,445,57.13,43.97,lowfertile
851,Plot-18 AUC,2,10.3,960,0.45,14.8,20.32,450,68.73,50.08,lowfertile
852,Plot-18 AUC,2,9.7,690,0.06,15,18.56,480,62.09,47.81,lowfertile
853,Plot-18 AUC,3,10.6,1070,0.075,11.5,16.64,450,59.28,53.63,lowfertile
854,Plot-18 AUC,3,11.2,1270,0.15,10.5,14.72,400,42,48.27,lowfertile
855,Plot-18 AUC,3,10.4,1140,0.075,11,18.24,425,59.59,52.46,lowfertile
856,Plot-18 AUC,4,10.8,1350,0.06,7.8,15.04,420,53.4,50.7,lowfertile
857,Plot-18 AUC,4,11.5,1320,0.06,7.4,10.88,375,47,45.1,lowfertile
858,Plot-18 AUC,4,10.8,1640,0.12,8.2,18.24,370,57.09,43.21,lowfertile
859,NFS-1,1,8.13,350,0.87,86.4,29.6,430,50.89,58.2,lowfertile
860,NFS-1,1,8.2,365,1.11,84,27.52,425,45,52.56,lowfertile
861,NFS-1,1,8.15,360,1.01,85.6,28.48,395,75.8,48.9,lowfertile
862,NFS-1,2,8.66,450,0.11,41.6,19.04,325,67.25,44.94,lowfertile
863,NFS-1,2,8.65,460,0.255,36.6,17.92,290,66.24,44.79,lowfertile
864,NFS-1,2,8.75,480,0.225,46,15.36,340,57.72,48.43,lowfertile
865,NFS-1,3,9.05,580,0.075,22.4,17.28,180,55.9,44.36,lowfertile
866,NFS-1,3,9.2,550,0.108,26.5,18.08,200,54.2,39.24,lowfertile
867,NFS-1,3,9.1,560,0.105,24.2,16,160,70.09,56.02,lowfertile
868,NFS-1,4,9.3,640,0.075,16.8,16.42,125,68.76,63.3,lowfertile
869,NFS-1,4,9.33,610,0.1,20.4,12.45,125,67.1,55.58,lowfertile
870,NFS-1,4,9.27,660,0.09,18,12.68,140,62.24,55.4,lowfertile
871,NFS-2,1,8.7,395,0.4,75,30.16,330,47.08,58.72,lowfertile
872,NFS-2,1,8.85,485,0.41,70,24.66,320,45.8,55.5,lowfertile
873,NFS-2,1,8.55,400,0.66,74,31.72,375,59,54.75,lowfertile
874,NFS-2,2,9.35,680,0.105,54.4,21.32,225,61.65,46,lowfertile
875,NFS-2,2,9.5,720,0.045,55.4,22.6,250,59.6,59.76,lowfertile
876,NFS-2,2,9.4,640,0.15,52.8,21.44,250,64.03,51.95,lowfertile
877,NFS-2,3,10,865,0.09,25.4,17.2,170,60.65,52.8,lowfertile
878,NFS-2,3,9.75,890,0.04,26.2,18.08,160,66.65,56.45,lowfertile
879,NFS-2,3,9.8,850,0.1,25.2,20.8,175,45.23,42.42,lowfertile
880,NFS-2,4,10.2,1010,0.045,22.4,14,125,50.86,35.25,lowfertile
881,NFS-2,4,10.1,1050,0.03,18.4,15.8,145,40.95,47.22,lowfertile
882,NFS-2,4,10,960,0.07,15.8,15.2,140,45.23,48.4,lowfertile
883,NFS-3,1,8.25,550,0.72,81.8,33.56,415,67.42,43.44,lowfertile
884,NFS-3,1,8.1,490,1.075,83.6,32.28,410,60.39,55.33,lowfertile
885,NFS-3,1,8.35,480,0.78,86.4,34.4,400,62,53,lowfertile
886,NFS-3,2,9.35,880,0.12,63.6,23.2,375,58.2,54.4,lowfertile
887,NFS-3,2,9.15,860,0.225,67.8,24.2,345,56.54,54,lowfertile
888,NFS-3,2,9.25,835,0.195,66.4,24.4,335,56.02,57,lowfertile
889,NFS-3,3,9.8,1050,0.105,35.6,20.8,250,54.75,54,lowfertile
890,NFS-3,3,9.4,1000,0.15,40.5,19.52,260,54.7,46.85,lowfertile
891,NFS-3,3,9.7,990,0.14,39.6,19.2,230,61.04,54.65,lowfertile
892,NFS-3,4,9.9,1200,0.105,33.6,16,210,60.45,53.58,lowfertile
893,NFS-3,4,10,1110,0.12,31.2,16,200,58.75,55.98,lowfertile
894,NFS-3,4,10.25,1150,0.11,30.8,18.4,190,58.7,54.47,lowfertile
895,Grassland,1,8.4,475,0.75,78.4,42.8,600,57.04,53.57,lowfertile
896,Grassland,1,8.3,455,0.675,101,39.52,625,56.45,52.85,lowfertile
897,Grassland,1,8.35,460,1,95.2,41.28,650,54.61,48.89,lowfertile
898,Grassland,2,9,550,0.4,50.4,37.12,400,54.53,47.65,lowfertile
899,Grassland,2,8.7,540,0.36,59.2,38.4,425,60.87,54.83,lowfertile
900,Grassland,2,8.6,560,0.5,64,39.52,420,60.3,54.12,lowfertile
901,Grassland,3,9.2,625,0.16,50.4,39.24,375,58.7,59.4,lowfertile
902,Grassland,3,9.4,650,0.2,46,35.68,340,58.64,58.4,lowfertile
903,Grassland,3,8.9,670,0.35,50,33.25,360,56.99,56.8,lowfertile
904,Grassland,4,9.7,760,0.1,40.4,42.16,300,56.4,56.27,lowfertile
905,Grassland,4,9.6,750,0.1,33,44.28,300,54.69,52.2,lowfertile
906,Grassland,4,9.7,780,0.21,35,39.65,350,54.63,51.23,lowfertile
907,Herb Annuals,1,8.65,230,0.225,44.8,44.32,685,60.97,58.27,lowfertile
908,Herb Annuals,1,8.2,220,0.225,72.8,46.08,650,60.38,57.27,lowfertile
909,Herb Annuals,1,8.25,230,0.18,61.6,44.64,665,60.56,62.8,lowfertile
910,Herb Annuals,2,9.2,340,0.105,36.8,47.32,480,58.85,61.4,lowfertile
911,Herb Annuals,2,9,290,0.15,50.4,45.6,445,57.4,60,lowfertile
912,Herb Annuals,2,8.45,225,0.15,33.6,42.08,450,57,59.6,lowfertile
913,Herb Annuals,3,9.35,465,0.08,25.8,43.21,375,58.6,56.2,lowfertile
914,Herb Annuals,3,9.45,430,0.055,34.6,39.86,340,58.2,54.8,lowfertile
915,Herb Annuals,3,8.9,440,0.07,20.4,45.28,360,64.2,62.3,lowfertile
916,Herb Annuals,4,9.7,570,0.05,16.8,47.68,325,63.8,61,lowfertile
917,Herb Annuals,4,9.5,475,0.015,22.8,48.5,325,60.62,60.33,lowfertile
918,Herb Annuals,4,9,530,0.04,15.3,42.46,350,59.89,60.31,lowfertile
919,Herb Perinneal,1,8.23,300,0.45,84,39.68,525,58.19,58.44,lowfertile
920,Herb Perinneal,1,9.1,320,0.75,95.2,39.84,520,57.73,57.43,lowfertile
921,Herb Perinneal,1,8.35,285,0.675,78.4,46.08,530,57.26,53.47,lowfertile
922,Herb Perinneal,2,8.75,440,0.345,44.8,37.12,480,56.31,52.48,lowfertile
923,Herb Perinneal,2,9.2,520,0.36,56,43.04,450,62.6,59.77,lowfertile
924,Herb Perinneal,2,8.95,420,0.31,44.8,48.16,445,62.18,58.41,lowfertile
925,Herb Perinneal,3,8.9,480,0.3,32.8,38.52,420,60.4,62.91,lowfertile
926,Herb Perinneal,3,9.6,640,0.24,41.6,39.54,400,59.75,61.65,lowfertile
927,Herb Perinneal,3,9.4,460,0.2,33.7,41.26,380,58.06,60.32,lowfertile
928,Herb Perinneal,4,9,600,0.375,18.5,38.72,400,57.58,59.57,lowfertile
929,Herb Perinneal,4,9.8,680,0.1,32.2,39.84,340,56.69,55.51,lowfertile
930,Herb Perinneal,4,9.6,570,0.08,22.6,41.34,380,55.94,54.56,lowfertile
931,Ber Plot,1,8.55,275,0.315,67.2,57.6,220,62.23,61.6,lowfertile
932,Ber Plot,1,8.5,325,0.55,89.6,57.6,225,61.78,60.5,lowfertile
933,Ber Plot,1,8.75,300,0.42,72.8,50.24,255,62.6,57,lowfertile
934,Ber Plot,2,9.2,500,0.15,28,46.56,150,60.7,57,lowfertile
935,Ber Plot,2,9.25,390,0.235,44.8,49.76,175,61.2,57,lowfertile
936,Ber Plot,2,9.45,470,0.2,33.6,49.6,200,59.6,54,lowfertile
937,Ber Plot,3,9.4,600,0.12,21.6,50.23,100,53.5,52,lowfertile
938,Ber Plot,3,9.5,560,0.16,34.2,52.46,100,54.3,49,lowfertile
939,Ber Plot,3,9.8,580,0.12,22.4,46.28,150,58.6,57,lowfertile
940,Ber Plot,4,9.65,750,0.06,16.5,51.35,150,58.5,57,lowfertile
941,Ber Plot,4,9.8,600,0.1,24.6,53.64,100,53.3,51,lowfertile
942,Ber Plot,4,10,640,0.08,18.4,55.28,100,53.5,51,lowfertile
943,Bougainvillea,1,7.4,240,0.66,112,42.72,625,50.4,51,lowfertile
944,Bougainvillea,1,7.6,300,0.93,118.4,44.8,625,50.3,48,lowfertile
945,Bougainvillea,1,7.55,250,0.675,106.4,42.88,600,45.6,46,lowfertile
946,Bougainvillea,2,7.8,320,0.4,72.8,42.88,460,43.5,43,lowfertile
947,Bougainvillea,2,8,380,0.68,72.8,42.4,450,52.7,51,lowfertile
948,Bougainvillea,2,7.9,335,0.45,73,40,465,50.6,51,lowfertile
949,Bougainvillea,3,8.35,400,0.2,39.2,46.72,375,68.6,62,lowfertile
950,Bougainvillea,3,8.5,440,0.32,41,45.28,375,68.5,59,lowfertile
951,Bougainvillea,3,8.4,400,0.25,40,44.32,350,69,62,lowfertile
952,Bougainvillea,4,8.7,450,0.1,28,42.6,340,65.6,59,lowfertile
953,Bougainvillea,4,8.9,500,0.15,32,38.76,300,61.3,55,lowfertile
954,Bougainvillea,4,9,450,0.13,28,36.5,370,59.5,55,lowfertile
955,Rosery,1,6.52,530,1.71,180,68.74,300,68.7,60,lowfertile
956,Rosery,1,6.85,360,2.05,175,72.65,275,66.3,60,lowfertile
957,Rosery,1,7.05,355,1.87,185,63.24,250,62.5,57,lowfertile
958,Rosery,2,7,600,1.5,155,44.68,300,60.3,54,lowfertile
959,Rosery,2,7.2,430,1.8,140,48.72,250,58.7,51,lowfertile
960,Rosery,2,7.5,475,1.65,140,51.23,250,59.5,54,lowfertile
961,Rosery,3,7.6,710,1,127,35.42,260,53.2,50,lowfertile
962,Rosery,3,7.8,540,1.3,99,37.8,240,51.7,50,lowfertile
963,Rosery,3,8,550,1.2,115,30.24,250,57.3,54,lowfertile
964,Rosery,4,8.2,820,0.45,85,25.656,220,58.2,55,lowfertile
965,Rosery,4,8.4,660,0.75,50,27.8,200,52,49,lowfertile
966,Rosery,4,8.6,690,0.65,80,21.54,180,48.67,49.67,lowfertile
967,Lawn,1,8.4,230,0.75,106.5,45,300,48,48,lowfertile
968,Lawn,1,8.2,270,0.9,128,55,250,48.67,46.89,lowfertile
969,Lawn,1,8.55,300,0.5,83,30,250,46.33,43,lowfertile
970,Lawn,2,8.8,360,0.53,67.5,34.29,210,41.33,42.33,lowfertile
971,Lawn,2,8.95,380,0.3,69.2,30.72,190,50.33,50,lowfertile
972,Lawn,2,9.3,535,0.24,60,24.29,200,49.33,48.44,lowfertile
973,Lawn,3,9.4,500,0.3,55,27.15,190,46.33,43,lowfertile
974,Lawn,3,9.4,450,0.16,40,21.43,175,43.67,42.67,lowfertile
975,Lawn,3,9.6,600,0.1,32,20,185,43.67,42.67,lowfertile
976,Lawn,4,9.9,620,0.14,18,16,200,41,40.78,lowfertile
977,Lawn,4,9.95,620,0.1,15,18,150,40.67,35.33,lowfertile
978,Lawn,4,10.15,750,0.08,22,17.5,150,35.67,35,lowfertile
979,Plot No.30,1,8.5,290,0.52,72.8,41.76,430,45,43,lowfertile
980,Plot No.30,1,8.75,320,0.56,66,34.56,430,61.7,54,lowfertile
981,Plot No.30,1,8.3,310,0.465,63,36.56,410,62.5,57,lowfertile
982,Plot No.30,2,8.9,380,0.18,42.4,30.08,380,56.2,53,lowfertile
983,Plot No.30,2,9.1,390,0.2,43,20.48,400,54.7,53,lowfertile
984,Plot No.30,2,9.05,380,0.14,37,31.2,360,52.3,49,lowfertile
985,Plot No.30,3,9.45,490,0.1,32,19.2,310,53.2,50,lowfertile
986,Plot No.30,3,9.8,500,0.13,28,24.96,315,47,44,lowfertile
987,Plot No.30,3,9.75,480,0.08,40,20.8,300,51.67,52.67,lowfertile
988,Plot No.30,4,9.5,560,0.08,20,17.92,300,51,51,lowfertile
989,Plot No.30,4,9.9,580,0.09,15,13.44,320,51.67,49.89,lowfertile
990,Plot No.30,4,9.85,575,0.05,22,23,280,49.33,46,lowfertile
991,Plot No.38,1,8.4,280,0.44,63,29.12,440,44.33,45.33,lowfertile
992,Plot No.38,1,8.5,280,0.44,69,32,400,45.33,45,lowfertile
993,Plot No.38,1,8.6,310,0.43,72,30.08,420,44.33,43.44,lowfertile
994,Plot No.38,2,8.8,375,0.21,38,23.26,360,41.33,38,lowfertile
995,Plot No.38,2,9,410,0.2,47,31,325,46.67,45.67,lowfertile
996,Plot No.38,2,9,380,0.21,50,23.4,370,46.67,45.67,lowfertile
997,Plot No.38,3,9.4,460,0.11,28,24.3,320,44,43.78,lowfertile
998,Plot No.38,3,9.4,475,0.1,25.6,26.08,280,43.67,38.33,lowfertile
999,Plot No.38,3,9.6,465,0.16,32,20,340,38.67,38,lowfertile
1000,Plot No.38,4,9.9,555,0.06,22,16.8,300,40,38,lowfertile
1001,Plot No.38,4,10,580,0.06,18,20.96,270,56.7,49,lowfertile
1002,Plot No.38,4,10.1,610,0.1,17,12.96,320,57.5,52,lowfertile
1003,Bamboo,1,7,170,0.45,84.8,19,385,59.2,56,lowfertile
1004,Bamboo,1,7.1,220,1.2,101,14.3,400,57.7,56,lowfertile
1005,Bamboo,1,6.75,230,1.4,107,17.14,380,55.3,52,lowfertile
1006,Bamboo,2,7.7,250,0.24,44.8,15,350,56.2,53,lowfertile
1007,Bamboo,2,7.6,270,0.8,56,10,340,50,47,lowfertile
1008,Bamboo,2,7.4,280,1.1,61.6,12,325,46.67,47.67,lowfertile
1009,Bamboo,3,8.2,380,0.18,23.6,10,300,46,46,lowfertile
1010,Bamboo,3,8.1,400,0.45,35,8,290,46.67,44.89,lowfertile
1011,Bamboo,3,8,410,0.7,41,9,282,52.33,49,lowfertile
1012,Bamboo,4,8.8,500,0.12,22,6,280,47.33,48.33,lowfertile
1013,Bamboo,4,8.7,525,0.25,26,5,270,48.33,48,lowfertile
1014,Bamboo,4,8.6,535,0.3,32,4,275,47.33,46.44,lowfertile
